,pl_name,disc_facility,pl_orbper,pl_rade,pl_bmasse,pl_orbeccen,st_teff,st_rad,st_mass,sy_vmag,sy_kmag,sy_gaiamag
2,HAT-P-12 b,HATNet,3.2130598,10.749,67.059,0,4650,0.701,0.733,12.665,10.108,12.4197
4,HAT-P-14 b,HATNet,4.62767,15.91678,1093.3352,0.11,6600,1.82,2.65,9.988,8.851,9.87283
5,HAT-P-15 b,HATNet,10.8635,11.88154,616.5902,0.19,5568,1.07,1,12.41,9.641,11.7232
6,HAT-P-16 b,HATNet,2.77596,14.448,1332.605,0.036,6158,1.237,1.218,10.911,9.553001,10.7568
7,HAT-P-17 b,HATNet,10.33852,11.76945,184.3414,0.35,5246,0.87,0.99,10.375,8.544,10.2743
8,HAT-P-18 b,HATNet,5.508023,11.153,62.61,0.084,4803,0.749,0.77,12.597,10.234,12.3682
11,HAT-P-20 b,HATNet,2.875317,9.718,2302.899,0.015,4595,0.694,0.756,11.231,8.601,10.9903
12,HAT-P-21 b,HATNet,4.12448,12.44199,1547.8321,0.23,5588,1.21,1.24,11.459,10.111,11.5583
13,HAT-P-22 b,HATNet,3.21222,12.89035,785.0401,0.02,5302,1.11,1.13,9.763,7.837,9.51936
14,HAT-P-23 b,HATNet,1.212884,15.334,664.237,0.106,5905,1.203,1.13,11.937,10.791,12.1741
15,HAT-P-24 b,HATNet,3.35524,14.5717,238.3725,0.07,6373,1.38,1.37,11.762,10.543,11.6396
16,HAT-P-25 b,HATNet,3.65281514,12.722215,180.84527,0.023,5519,0.919,1.012,13.146,10.815,12.8416
17,HAT-P-26 b,HATNet,4.23452,7.06167,22.2481,0.12,5079,0.87,1.12,11.757,9.581,11.4641
18,HAT-P-27 b,HATNet,3.039577,11.43,197.05,0,5316,0.864673,0.916,12.052,10.109,11.9562
19,HAT-P-28 b,HATNet,3.257215,13.585,198.953,0.051,5680,1.103,1.025,13.098,11.104,12.8718
20,HAT-P-29 b,HATNet,5.72319,13.11453,279.6904,0.09,6087,1.3,1.45,11.825,10.297,11.7336
21,HAT-P-3 b,HATNet,2.8997,10.53646,206.5895,0,5185,0.87,1.06,11.856,9.448,11.2795
22,HAT-P-30 b,HATNet,2.8106,16.14096,263.7989,0.04,6304,1.31,1.55,10.352,9.151,10.2998
23,HAT-P-31 b,HATNet,5.00542,12.21781,721.4741,0.25,6065,1.39,1.31,11.667,10.083,11.4501
24,HAT-P-32 b,HATNet,2.1500082,22.19382,216.1244,0.159,6001,1.367,1.132,11.439,9.99,11.1335
25,HAT-P-33 b,HATNet,3.47447,20.73665,292.4036,0,6446,1.79,1.82,11.032,10.004,11.0238
26,HAT-P-34 b,HATNet,5.452654,13.417173,1058.3739,0.432,6442,1.53,1.392,10.403,9.247,10.1944
27,HAT-P-35 b,HATNet,3.646706,14.930388,335.62848,0.02,6096,1.435,1.236,12.389,11.03,12.2802
29,HAT-P-37 b,HATNet,2.797436,13.204,371.528,0.058,5500,0.877,0.929,13.427,11.667,13.2615
30,HAT-P-38 b,HATNet,4.640382,9.247,84.857,0.067,5330,0.923,0.886,12.525,10.501,12.3021
31,HAT-P-39 b,HATNet,3.54387,17.609,190.372,0,6430,1.625,1.404,12.282,11.157,12.2269
32,HAT-P-4 b,HATNet,3.056536,14.28,213.255,0,5860,1.596,1.248,11.118,9.770001,11.0634
33,HAT-P-40 b,HATNet,4.45724,17.03768,152.5584,0,6080,1.94,1.03,11.34,10.009,11.4162
34,HAT-P-41 b,HATNet,2.69405,22.97845,378.2177,0,6390,2.05,2.56,11.365,9.728,10.939
35,HAT-P-42 b,HATNet,4.641878,14.348,331.801,0,5743,1.53,1.178,12.125,10.626,12.0031
37,HAT-P-44 b,HATNet,4.301219,13.922,111.871,0.044,5295,0.949,0.942,13.225,11.275,12.9729
38,HAT-P-45 b,HATNet,3.128992,15.984,283.492,0.049,6330,1.319,1.259,12.783,10.201,12.3977
39,HAT-P-46 b,HATNet,4.463129,14.392,156.684,0.123,6120,1.396,1.284,11.997,9.924,11.6843
40,HAT-P-49 b,HATNet,2.69155,17.82231,699.226,0,6820,2.06,2.22,10.205,9.346,10.2071
41,HAT-P-5 b,HATNet,2.78849,13.56289,311.4734,0,5960,1.12,1.04,11.954,10.481,11.8224
42,HAT-P-50 b,HATNet,3.1220109,14.437192,429.0705,0.115,6280,1.698,1.273,11.703,10.5,11.6722
44,HAT-P-52 b,HATNet,2.7535953,11.309881,259.98494,0.047,5131,0.893,0.887,14.107,11.621,13.787
45,HAT-P-53 b,HATNet,1.9616241,14.773462,471.65972,0.134,5956,1.209,1.093,13.78,12.1,13.5142
46,HAT-P-54 b,HATNet,3.799847,10.581296,241.5508,0.074,4390,0.617,0.645,13.398,10.326,13.0172
49,HAT-P-57 b,HATNet,2.4653,19.50366,448.1403,0,6330,1.85,2.77,10.639,9.433,10.4253
50,HAT-P-58 b,HATNet,4.0138379,14.93036229,118.2321674,0.073,6078,1.53,1.031,12.925,10.978,12.7202
51,HAT-P-59 b,HATNet,4.1419771,12.58768533,489.4557468,0.03,5678,1.1038,1.008,11.64,10.208,11.6787
52,HAT-P-6 b,HATNet,3.85298,16.58932,419.5356,0,6570,1.62,1.79,10.469,9.313,10.3056
53,HAT-P-60 b,HATNet,4.7947813,18.28184752,182.4335056,0.25,6212,2.197,1.435,9.727,8.368,9.56355
54,HAT-P-61 b,HATNet,1.90231289,10.07687365,335.9446262,0.113,5587,0.938,1.004,13.096,11.141,12.9386
55,HAT-P-62 b,HATNet,2.6453235,12.02723629,241.8674177,0.101,5629,1.17,1.023,12.539,10.701,12.4362
56,HAT-P-63 b,HATNet,3.377728,12.5428494,195.1466419,0.069,5400,0.9661,0.925,13.657,11.512,13.5106
57,HAT-P-64 b,HATNet,4.007232,19.08889413,184.3404761,0.101,6457,1.735,1.298,12.855,11.123,12.6221
59,HAT-P-66 b,HATNet,2.972086,17.82231,248.86089,0.09,6002,1.881,1.255,13.014,11.675,12.8922
60,HAT-P-67 b,HATNet,4.8101025,23.370765,108.0622,0,6406,2.546,1.642,10.106,8.9,9.97496
61,HAT-P-68 b,HATNet,2.29840551,12.016048,230.10892,0.041,4508,0.6701,0.6785,13.802,11.019,13.5442
62,HAT-P-69 b,HATNet,4.7869491,18.786284,1137.8314,0,7394,1.926,1.648,9.774,9.28,9.77332
63,HAT-P-7 b,HATNet,2.20474,16.92559,584.8072,0,6389,2,1.56,10.481,9.334,10.3654
64,HAT-P-70 b,HATNet,2.74432452,20.96083,2154.8874,0,8450,1.858,1.89,9.47,8.963,9.45174
65,HAT-P-8 b,HATNet,3.07634,15.6926,406.8224,0,6200,1.57,1.27,10.358,8.953,10.1489
66,HAT-P-9 b,HATNet,3.92281072,15.614137,238.05467,0.084,6350,1.338,1.281,12.344,11.015,12.1536
0,NGTS-1 b,Next-Generation Transit Survey (NGTS),2.647298,14.90797,258.07796,0.016,3916,0.573,0.617,15.667,11.936,14.8661
1,NGTS-10 b,Next-Generation Transit Survey (NGTS),0.7668944,13.506845,687.14846,0,4600,0.697,0.696,14.506,11.728,14.2604
2,NGTS-12 b,Next-Generation Transit Survey (NGTS),7.532806,11.747032,66.10864,0,5690,1.589,1.021,12.382,10.588,12.1279
3,NGTS-13 b,Next-Generation Transit Survey (NGTS),4.119027,12.800678,1538.2972,0.086,5819,1.788,1.3,12.744,11.141,12.5691
4,NGTS-14 A b,Next-Generation Transit Survey (NGTS),3.5357173,4.976796,29.24036,0,5187,0.842,0.898,13.268,11.305,13.0986
5,NGTS-15 b,Next-Generation Transit Survey (NGTS),3.27623,12.32987877,238.6891337,0,5600,0.954,0.995,14.669,12.907,14.4299
6,NGTS-16 b,Next-Generation Transit Survey (NGTS),4.84532,14.57167491,211.9915475,0,5550,1.213,1.002,14.529,12.647,14.2311
7,NGTS-17 b,Next-Generation Transit Survey (NGTS),3.24253,13.89913607,242.820903,0,5650,1.337,1.025,14.412,12.724,14.2136
8,NGTS-18 b,Next-Generation Transit Survey (NGTS),3.05125,13.56286665,129.9918185,0,5610,1.392,1.003,14.588,12.87,14.3896
9,NGTS-2 b,Next-Generation Transit Survey (NGTS),4.511164,17.878355,235.1942,0,6478,1.702,1.64,10.789,9.799,10.8605
10,NGTS-21 b,Next-Generation Transit Survey (NGTS),1.5433897,14.90794433,750.0750405,0,4660,0.86,0.72,15.506,12.951,15.224
11,NGTS-23 b,Next-Generation Transit Survey (NGTS),4.0764326,14.20177855,194.8288135,0,6057,1.24,1.01,14.126,12.73,13.9535
12,NGTS-24 b,Next-Generation Transit Survey (NGTS),3.4678796,13.60770257,165.2707716,0,5820,1.64,1.26,13.214,11.51,13.0525
13,NGTS-25 b,Next-Generation Transit Survey (NGTS),2.823093,11.46678726,203.0923521,0,5321,0.86,0.91,14.333,12.324,14.0864
14,NGTS-26 b,Next-Generation Transit Survey (NGTS),4.5199279,14.88552637,92.80589484,0,5550,1.16,0.96,15.009,13.119,14.7261
16,NGTS-32 b,Next-Generation Transit Survey (NGTS),3.31211,15.91675259,181.162192,0,5680,1.85,1.07,13.588,11.689,13.3116
17,NGTS-4 b,Next-Generation Transit Survey (NGTS),1.3373508,3.18,20.6,0,5143,0.84,0.75,13.138,11.073,12.9092
18,NGTS-5 b,Next-Generation Transit Survey (NGTS),3.3569866,12.733424,72.78307,0,4987,0.739,0.661,13.789,11.612,13.526
19,NGTS-6 b,Next-Generation Transit Survey (NGTS),0.882059,14.863134,425.57437,0,4730,0.754,0.767,14.237,11.65,13.8175
20,NGTS-8 b,Next-Generation Transit Survey (NGTS),2.4997,12.21781,295.5819,0.01,5241,0.98,0.89,13.69,11.642,13.4954
21,NGTS-9 b,Next-Generation Transit Survey (NGTS),4.43527,11.99363,921.707,0.06,6330,1.38,1.34,12.868,11.452,12.6547
2,WASP-100 b,SuperWASP,2.84938,14.90797,400.4658,0,6900,1.57,0.77,10.798,9.669,10.6151
3,WASP-101 b,SuperWASP,3.58572,16.02887,162.0933,0,6380,1.31,1.41,10.336,9.075,10.138
4,WASP-102 b,SuperWASP,2.709813,14.90794433,197.6892692,0,5990,1.375,1.08,12.667,11.106,12.562
6,WASP-104 b,SuperWASP,1.7554137,12.745,404.263,0,5475,0.963,1.076,11.779,9.882,11.5931
7,WASP-105 b,SuperWASP-South,7.87288,10.76064,572.094,0,5070,0.9,0.89,12.049,9.935,11.8445
8,WASP-106 b,SuperWASP,9.28969,12.10569916,613.4088255,0.023,6002,1.47,1.175,11.21,10.161,11.3659
10,WASP-11 b,SuperWASP,3.72247,12.44199,251.0857,0,4800,0.89,1.42,11.567,9.421,11.5535
11,WASP-113 b,SuperWASP-North,4.542168745,15.793481,150.96925,0,5890,1.608,1.318,11.761,10.311,11.6041
12,WASP-114 b,SuperWASP-North,1.5487743,15.008851,562.24127,0.012,5940,1.43,1.289,12.685,11.074,12.5227
13,WASP-116 b,SuperWASP,6.6132,13.67495645,203.4101805,0,6250,1.426,1.25,12.517,11.021,12.2577
14,WASP-117 b,SuperWASP,10.02165,11.88154,95.349,0.3,6040,1.22,1.29,10.139,8.78,10.0269
15,WASP-118 b,SuperWASP,4.0460435,16.14096,163.36462,0,6410,1.696,1.32,11.009,9.788,10.9196
16,WASP-119 b,SuperWASP-South,2.49979,15.6926,390.9309,0.058,5650,1.2,1.02,12.314,10.545,12.1014
18,WASP-120 b,SuperWASP,3.6112706,16.510857,1541.4755,0.057,6450,1.87,1.393,10.96,9.877,10.8989
20,WASP-123 b,SuperWASP,2.9776412,14.773462,285.72917,0,5740,1.285,1.166,11.03,9.362001,10.8999
21,WASP-124 b,SuperWASP-South,3.37265,13.89916,190.698,0.017,6050,1.02,1.07,12.724,11.31,12.5754
24,WASP-129 b,SuperWASP-South,5.748145,10.42437,317.83,0.096,5900,0.9,1,12.179,10.412,11.8127
25,WASP-13 b,SuperWASP,4.35301,13.67498,114.4188,0,5950,1.37,0.72,10.424,9.119,10.38
26,WASP-130 b,SuperWASP-South,11.55098,9.97601,390.9309,0,5625,0.96,1.04,11.104,9.461,10.9717
27,WASP-131 b,SuperWASP-South,5.3220125,13.74221034,86.76715511,0,5990,1.561,1.06,10.068,8.573,9.86708
28,WASP-132 b,SuperWASP-South,7.1335164,10.09929161,136.0305582,0.0163,4686,0.758,0.789,11.938,9.674,11.7538
29,WASP-133 b,SuperWASP-South,2.176423,13.56289,368.6828,0.17,5700,1.44,1.16,12.891,11.18,12.7146
30,WASP-135 b,SuperWASP,1.4013794,14.5717,603.877,0,5675,0.96,0.98,13.181,11.037,13.0045
33,WASP-139 b,SuperWASP-South,5.924262,8.9672,37.18611,0,5310,0.8,0.92,12.456,10.472,12.2715
34,WASP-14 b,SuperWASP,2.24375,15.46842,2809.6172,0.09,6475,1.4,1.62,9.745,8.621,9.64647
35,WASP-140 b,SuperWASP-South,2.2359835,16.14096,775.5052,0.047,5260,0.87,0.9,11.118,9.165,10.8202
36,WASP-141 b,SuperWASP-South,3.310651,13.56289,854.9627,0,5900,1.37,1.25,12.65,11.194,12.4822
37,WASP-142 b,SuperWASP-South,2.052868,17.14977,266.9772,0,6010,1.64,1.33,12.871,11.442,12.7568
38,WASP-144 b,SuperWASP-South,2.2783152,9.52765,139.8452,0,5200,0.81,0.81,13.085,10.897,12.915
39,WASP-145 A b,SuperWASP-South,1.7690381,10.0881,282.8687,0,4900,0.68,0.76,11.636,9.194,11.3583
40,WASP-147 b,SuperWASP-South,4.60273,12.498035,87.40325,0,5702,1.429,1.044,12.681,10.857,12.1832
41,WASP-148 b,SuperWASP-North,8.803809,8.47398941,91.21675281,0.208,5555,0.912,0.954,12.036,10.506,12.0845
42,WASP-149 b,SuperWASP,1.332813,15.24421375,314.9679513,0,5750,1.08,1.05,11.687,9.825,11.2622
43,WASP-15 b,SuperWASP,3.7521,15.80469,171.6282,0,6300,1.48,1.18,10.972,9.693,10.797
44,WASP-150 b,SuperWASP-North,5.644207,11.99363,2688.8418,0.3775,6218,1.651,1.394,12.026,10.747,11.9151
46,WASP-153 b,SuperWASP,3.332609,17.37395,123.9537,0.009,5914,1.73,1.336,12.591,11.051,12.4967
47,WASP-154 b,SuperWASP,3.811678,10.76062147,198.9605828,0,4774,0.823,0.8,13.191,10.774,12.8344
48,WASP-155 b,SuperWASP,3.110413,13.45077684,276.8285425,0,5660,1.24,1.09,12.365,10.86,12.4962
49,WASP-156 b,SuperWASP,3.8361623,6.02802815,41.8,0,4987,0.8268,0.8712,11.559,9.339,11.3227
51,WASP-158 b,SuperWASP-South,3.656333,11.99363,886.7457,0,6350,1.39,1.38,12.044,10.881,12.0911
52,WASP-159 b,SuperWASP-South,3.840401,15.46842,174.8065,0,6120,2.11,1.41,12.836,11.017,12.2951
53,WASP-16 b,SuperWASP,3.1186,13.67498,394.1092,0,5700,1.14,1.78,11.288,9.589,11.1247
54,WASP-160 B b,SuperWASP-South,3.7684952,12.21781,88.35674,0,5298,0.868,0.87,13.04,11.055,12.8842
56,WASP-162 b,SuperWASP-South,9.62468,11.209,1652.716,0.434,5300,1.11,0.95,12.213,10.466,12.0652
58,WASP-164 b,SuperWASP-South,1.7771255,12.643752,676.9779,0,5806,0.932,0.946,12.603,10.959,12.4679
59,WASP-165 b,SuperWASP-South,3.465509,14.12334,209.13214,0,5599,1.75,1.248,12.816,11.024,12.5435
60,WASP-168 b,SuperWASP-South,4.153658,16.8135,133.4886,0,6000,1.12,1.08,12.124,10.443,11.7139
61,WASP-17 b,SuperWASP,3.73543,20.96083,247.9074,0,6550,1.49,2.28,11.588,10.224,11.3803
63,WASP-172 b,SuperWASP-South,5.477433,17.59813,149.3801,0,6900,1.91,1.49,10.988,10.13,11.0099
64,WASP-173 A b,SuperWASP-South,1.38665318,13.4508,1172.7927,0,5800,1.11,1.05,11.15,10.002,11.3975
65,WASP-174 b,SuperWASP-South,4.2337005,16.10730527,104.8833743,0,6399,1.347,1.24,11.803,10.579,11.6826
66,WASP-176 b,SuperWASP-North,3.899052,16.869545,271.74465,0,5941,1.925,1.345,12.006,10.648,11.9392
68,WASP-18 b,SuperWASP,0.94145223,13.89913607,3241.849751,0.0051,6432,1.319,1.294,9.28,8.131,9.16617
69,WASP-180 A b,SuperWASP,3.409264,13.89916,286.047,0,6600,1.19,1.3,10.655,9.812,10.9134
72,WASP-186 b,SuperWASP,5.026799,12.44199,1341.2426,0.33,6361,1.47,1.22,10.81,9.532,10.6509
73,WASP-187 b,SuperWASP,5.147878,18.38276,254.264,0,6150,2.83,1.54,10.295,8.79,10.1318
74,WASP-188 b,SuperWASP,5.748916,14.81827249,458.6263913,0,6850,1.83,1.5,12.165,11.042,12.0215
75,WASP-19 b,SuperWASP,0.78883852,15.86070769,366.7739817,0.0126,5616,1.006,0.965,12.248,10.481,12.1088
76,WASP-194 b,SuperWASP,3.183387,15.47960235,373.1305498,0,6405,1.409,1.29,11.985,10.875,11.922
77,WASP-195 b,SuperWASP,5.051928,10.31226224,33.05415433,0,6300,1.578,1.3,11.947,10.679,11.7877
78,WASP-197 b,SuperWASP,5.167228,14.44837612,403.3242485,0,6050,2.112,1.36,11.565,10.017,11.2369
80,WASP-20 b,SuperWASP,4.8996284,16.388,98.841,0,5940,1.392,1.2,10.675,9.39,10.6503
82,WASP-22 b,SuperWASP,3.53269,13.78707,212.9461,0.02,6000,1.24,1.46,11.99,10.318,11.5821
83,WASP-23 b,SuperWASP,2.9444256,10.783,280.95,0.062,5150,0.765,0.78,12.539,10.45,12.3208
84,WASP-24 b,SuperWASP,2.34121,15.46842,394.1092,0,6075,1.42,1.43,11.219,10.148,11.3945
86,WASP-26 b,SuperWASP,2.7566,13.56289,270.1555,0,6034,1.22,0.86,11.297,9.69,10.9935
88,WASP-29 b,SuperWASP,3.92273,8.63093,73.1009,0.03,4800,0.79,0.77,11.331,8.783,10.8932
89,WASP-3 b,SuperWASP,1.84683,15.91678,772.3269,0,6400,1.44,1.62,10.632,9.361,10.4525
90,WASP-31 b,SuperWASP,3.4059096,17.363,151.916,0,6302,1.252,1.163,11.658,10.65,11.8163
91,WASP-32 b,SuperWASP,2.71866,10.76064,835.8929,0,6140,0.95,0.72,11.257,10.161,11.409
93,WASP-34 b,SuperWASP,4.31768,11.209,177.9848,0.04,5700,0.91,0.96,10.285,8.792,10.2046
94,WASP-35 b,SuperWASP,3.16158,14.5717,225.6593,0,5990,1.08,1.05,10.939,9.525,10.8531
96,WASP-37 b,SuperWASP,3.577469,13.002,572.07,0,5800,1.003,0.925,12.815,11.093,12.542
97,WASP-38 b,SuperWASP,6.87188,13.78707,1093.3352,0.03,6180,1.52,1.76,9.391,7.998,9.20974
100,WASP-41 b,SuperWASP,3.0524,12.3299,270.1555,0,5545,0.83,0.81,11.632,9.677,11.2823
102,WASP-43 b,SuperWASP,0.813475,10.424,565.714,0,4400,0.6,0.58,12.305,9.267,11.907
107,WASP-48 b,SuperWASP,2.14363,16.8135,254.264,0,5920,1.58,0.88,11.647,10.372,11.523
108,WASP-49 b,SuperWASP,2.78174,12.44199,117.5971,0,5600,0.97,0.92,11.352,9.749,11.2907
109,WASP-5 b,SuperWASP,1.6284279,12.184,502.15,0.038,5700,1.029,0.96,12.147,10.598,11.996
111,WASP-52 b,SuperWASP,1.7497798,14.24,146.2,0,5000,0.79,0.87,12.192,10.086,11.9537
112,WASP-54 b,SuperWASP,3.69364,17.71022,187.5197,0.07,6100,1.76,1.08,10.413,9.035,10.2441
114,WASP-56 b,SuperWASP,4.6171,10.53646,143.0235,0,5600,0.96,0.71,12.091,10.532,12.0028
116,WASP-58 b,SuperWASP,5.01718,16.02887,308.2951,0,5800,1.22,1.06,11.652,10.285,11.6347
117,WASP-59 b,SuperWASP,7.919585,8.687,274.276,0.1,4650,0.613,0.719,12.659,9.723,12.3142
119,WASP-60 b,SuperWASP,4.305,9.86392,174.8065,0,5900,1.17,1.19,11.67,10.585,12.0196
120,WASP-61 b,SuperWASP,3.8559,15.80469,851.7844,0,6250,1.55,1.82,12.489,11.008,12.0702
121,WASP-62 b,SuperWASP,4.41195,14.79588,165.2716,0,6230,1.23,1.11,10.213,8.944,10.0721
122,WASP-63 b,SuperWASP,4.37808,15.80469,117.5971,0,5550,1.86,1.28,11.155,9.393,10.9185
123,WASP-64 b,SuperWASP,1.5732918,14.247,403.945,0,5400,1.058,1.004,12.704,10.956,12.5257
124,WASP-65 b,SuperWASP,2.3114243,12.464,492.62,0,5600,1.01,0.93,11.869,10.346,11.7509
125,WASP-66 b,SuperWASP,4.08605,15.6926,746.9005,0,6600,1.76,1.33,11.605,10.452,11.5904
126,WASP-67 b,SuperWASP,4.61442,12.89035,136.6669,0,5200,0.88,0.91,12.537,10.129,11.9141
127,WASP-68 b,SuperWASP,5.0843,14.79588,343.2564,0,5910,1.79,1.49,10.674,8.948,10.4092
128,WASP-69 b,SuperWASP,3.86813881,11.21,82.58,0,4792,0.801,0.83,9.873,7.459,9.48466
130,WASP-70 A b,SuperWASP,3.7130203,13.047,187.512,0,5763,1.215,1.106,10.786,9.58,11.0323
131,WASP-71 b,SuperWASP,2.90367,13.22662,441.7837,0,6050,1.82,0.76,10.56,9.32,10.5678
132,WASP-72 b,SuperWASP,2.21673,14.45961,731.009,0,6250,2.18,2.78,10.868,9.617,10.8378
133,WASP-73 b,SuperWASP,4.08722,15.91678,908.9938,0,6030,2.55,2.52,10.468,9.028,10.2607
134,WASP-74 b,SuperWASP,2.13775,15.24424,228.8376,0,5990,1.42,0.98,9.75,8.221,9.5723
135,WASP-75 b,SuperWASP,2.484193,14.235,340.06,0,6100,1.26,1.14,11.591,10.062,11.3347
136,WASP-76 b,SuperWASP,1.80988198,20.78145022,284.1385959,0,6329,1.756,1.458,9.518,8.243,9.39507
138,WASP-78 b,SuperWASP,2.17518,21.63337,352.7913,0,6100,2.46,1.87,11.965,11.008,12.1879
139,WASP-79 b,SuperWASP,3.662392,17.14974047,270.154146,0,6600,1.51,1.39,10.044,9.056,9.97202
140,WASP-8 b,SuperWASP,8.15872,12.66617,807.2882,0.31,5600,1.03,1.34,9.789,8.086,9.61249
141,WASP-80 b,SuperWASP,3.06785234,11.197791,170.99254,0.002,4143,0.586,0.577,11.841,8.351,11.273
142,WASP-82 b,SuperWASP,2.70579,18.15858,371.8611,0,6480,2.1,1.48,10.073,8.759,9.89796
143,WASP-83 b,SuperWASP,4.971252,11.65736,95.349,0,5510,1.05,1.11,12.312,10.393,12.0084
145,WASP-88 b,SuperWASP,4.954,16.36514,133.4886,0,6430,1.8,0.94,11.388,10.322,11.478
146,WASP-89 b,SuperWASP,3.3564227,11.65736,1875.197,0.193,5130,0.88,0.92,13.21,11.004,12.989
147,WASP-90 b,SuperWASP,3.916243,18.27067,200.2329,0,6430,1.98,1.55,11.618,10.248,11.4559
148,WASP-91 b,SuperWASP-South,2.798581,11.54527,425.8922,0,4920,0.86,0.84,11.98,9.712,11.6236
149,WASP-92 b,SuperWASP,2.1746742,16.376349,255.85315,0,6280,1.341,1.19,12.951,11.519,12.8183
150,WASP-93 b,SuperWASP,2.7325321,17.900773,467.2101,0,6700,1.524,1.334,10.966,9.942,10.978
151,WASP-94 A b,SuperWASP,3.95019,17.71022,158.915,0,6170,1.48,1.67,10.051,8.874,10.0285
152,WASP-95 b,SuperWASP,2.18467,13.78707,457.6752,0,5830,1.23,1.46,10.092,8.564,9.93697
153,WASP-96 b,SuperWASP,3.4252602,13.45,152.55,0,5540,1.05,1.06,12.569,10.914,12.3833
154,WASP-97 b,SuperWASP,2.07276,12.77826,432.2488,0,5640,1.08,1.18,10.57,9.03,10.4238
156,WASP-99 b,SuperWASP,5.75251,11.43318,772.3269,0,6150,1.64,1.21,9.475,8.088,9.3251
3,BD-14 3065 b,Transiting Exoplanet Survey Satellite (TESS),4.2889731,21.59,3932,0.066,6935,2.35,1.41,11.1,9.932,10.91
5,GJ 1252 b,Transiting Exoplanet Survey Satellite (TESS),0.5182331,1.193,1.32,0,3458,0.391,0.381,12.68,7.915,11.2364
6,GJ 143 b,Transiting Exoplanet Survey Satellite (TESS),35.61253,2.61,22.7,0.188,4640,0.695,0.73,8.08,5.375,7.67906
8,GJ 3090 b,Transiting Exoplanet Survey Satellite (TESS),2.8531054,2.13,3.34,0.32,3556,0.516,0.519,11.403,7.294,10.5521
9,GJ 341 b,Transiting Exoplanet Survey Satellite (TESS),7.57686,0.88,4,0,3770,0.5066,0.48,9.49,5.587,8.67538
10,GJ 3473 b,Transiting Exoplanet Survey Satellite (TESS),1.1980035,1.264,1.86,0,3347,0.364,0.36,13.74,8.829001,12.465
12,GJ 367 b,Transiting Exoplanet Survey Satellite (TESS),0.3219225,0.699,0.633,0.06,3522,0.458,0.455,10.153,5.78,9.15159
13,GJ 3929 b,Transiting Exoplanet Survey Satellite (TESS),2.616235,1.09,1.75,0,3384,0.32,0.313,12.675,7.869,11.5109
15,Gliese 12 b,Transiting Exoplanet Survey Satellite (TESS),12.761408,0.958,3.87,0.5,3296,0.2617,0.2414,12.6,7.807,11.3963
25,HD 110113 b,Transiting Exoplanet Survey Satellite (TESS),2.541,2.05,4.55,0.093,5732,0.968,0.997,10.09,8.502,9.91036
27,HD 1397 b,Transiting Exoplanet Survey Satellite (TESS),11.53533,11.500434,131.89945,0.251,5521,2.336,1.324,7.79,5.988,7.59336
28,HD 152843 b,Transiting Exoplanet Survey Satellite (TESS),11.6264,3.41,11.56,0.14,6310,1.43,1.15,8.855,7.629,8.76412
29,HD 152843 c,Transiting Exoplanet Survey Satellite (TESS),24.38,5.83,27.5,0.115,6310,1.43,1.15,8.855,7.629,8.76412
30,HD 15337 b,Transiting Exoplanet Survey Satellite (TESS),4.7559804,1.77,6.519,0.058,5131,0.855,0.829,9.1,7.044,8.85598
31,HD 15337 c,Transiting Exoplanet Survey Satellite (TESS),17.180546,2.526,6.792,0.096,5131,0.855,0.829,9.1,7.044,8.85598
34,HD 183579 b,Transiting Exoplanet Survey Satellite (TESS),17.471291,3.49,20.4,0.061,5784,0.96,0.996,8.67,7.15,8.51549
35,HD 18599 b,Transiting Exoplanet Survey Satellite (TESS),4.1374354,2.6,24.1,0.34,5145,0.767,0.863,8.99,6.883,8.73117
36,HD 191939 b,Transiting Exoplanet Survey Satellite (TESS),8.8803256,3.41,10,0.031,5348,0.94,0.81,8.97,7.18,8.77476
37,HD 191939 c,Transiting Exoplanet Survey Satellite (TESS),28.579743,3.195,8,0.034,5348,0.94,0.81,8.97,7.18,8.77476
38,HD 191939 d,Transiting Exoplanet Survey Satellite (TESS),38.353037,2.995,2.8,0.031,5348,0.94,0.81,8.97,7.18,8.77476
39,HD 202772 A b,Transiting Exoplanet Survey Satellite (TESS),3.308958,17.317905,323.23311,0.038,6272,2.591,1.72,8.324,6.959,8.22688
40,HD 20329 b,Transiting Exoplanet Survey Satellite (TESS),0.926118,1.72,7.42,0,5596,1.13,0.9,8.76,7.116,8.59089
41,HD 207496 b,Transiting Exoplanet Survey Satellite (TESS),6.441008,2.25,6.1,0.231,4819,0.769,0.8,8.23,5.967,7.97255
42,HD 207897 b,Transiting Exoplanet Survey Satellite (TESS),16.20166,2.34302132,14.8,0,5106,0.7827,0.8208,8.37,6.312,8.13037
43,HD 213885 b,Transiting Exoplanet Survey Satellite (TESS),1.008035,1.745,8.83,0,5978,1.1011,1.068,7.95,6.419,7.80173
44,HD 21520 b,Transiting Exoplanet Survey Satellite (TESS),25.1292,2.697,17.7,0,5871,1.044,1.09,9.17,7.707,9.01796
46,HD 219666 b,Transiting Exoplanet Survey Satellite (TESS),6.034468,4.898,17.6,0.05,5540,1.059,1.02,9.809,8.158,9.64956
47,HD 221416 b,Transiting Exoplanet Survey Satellite (TESS),14.2767,9.17,60.5,0.115,5080,2.943,1.212,8.15,6.043,7.90776
49,HD 23472 b,Transiting Exoplanet Survey Satellite (TESS),17.667087,2,8.32,0.072,4684,0.71,0.67,9.73,7.207,9.38476
50,HD 23472 c,Transiting Exoplanet Survey Satellite (TESS),29.79749,1.87,3.41,0.063,4684,0.71,0.67,9.73,7.207,9.38476
51,HD 23472 d,Transiting Exoplanet Survey Satellite (TESS),3.97664,0.75,0.55,0.07,4684,0.71,0.67,9.73,7.207,9.38476
52,HD 23472 e,Transiting Exoplanet Survey Satellite (TESS),7.90754,0.818,0.72,0.07,4684,0.71,0.67,9.73,7.207,9.38476
53,HD 23472 f,Transiting Exoplanet Survey Satellite (TESS),12.1621839,1.137,0.77,0.07,4684,0.71,0.67,9.73,7.207,9.38476
54,HD 235088 b,Transiting Exoplanet Survey Satellite (TESS),7.4341325,1.982,4.15,0,5075,0.772,0.849,9.19,7.084,8.94271
55,HD 25463 b,Transiting Exoplanet Survey Satellite (TESS),7.0491423,2.54535814,8.7,0,6353,1.4182,1.251,6.91134,5.706,6.77613
56,HD 25463 c,Transiting Exoplanet Survey Satellite (TESS),3.04405,1.36354953,4.3,0,6353,1.4182,1.251,6.91134,5.706,6.77613
57,HD 260655 b,Transiting Exoplanet Survey Satellite (TESS),2.76953,1.24,2.14,0.039,3803,0.439,0.439,9.63,5.862,8.876041
58,HD 260655 c,Transiting Exoplanet Survey Satellite (TESS),5.70588,1.533,3.09,0.038,3803,0.439,0.439,9.63,5.862,8.876041
59,HD 2685 b,Transiting Exoplanet Survey Satellite (TESS),4.12688,16.14096,371.8611,0.091,6801,1.56,1.43,9.595,8.595,9.52025
60,HD 28109 b,Transiting Exoplanet Survey Satellite (TESS),22.89104,2.199,18.496,0.3307,6120,1.446,1.26,9.42,8.175,9.29976
61,HD 28109 c,Transiting Exoplanet Survey Satellite (TESS),56.00819,4.23,7.943,0.1203,6120,1.446,1.26,9.42,8.175,9.29976
62,HD 28109 d,Transiting Exoplanet Survey Satellite (TESS),84.25999,3.25,5.681,0.0864,6120,1.446,1.26,9.42,8.175,9.29976
63,HD 332231 b,Transiting Exoplanet Survey Satellite (TESS),18.712024,9.07303305,74.1,0,6128,1.266,1.1642,8.558,7.242,8.41839
64,HD 35843 c,Transiting Exoplanet Survey Satellite (TESS),46.9622,2.54,11.32,0.153,5666,0.897,0.94,9.36,7.782,9.19551
66,HD 5278 b,Transiting Exoplanet Survey Satellite (TESS),14.339156,2.45,7.8,0.08,6203,1.194,1.126,7.94,6.605,7.80375
68,HD 6061 b,Transiting Exoplanet Survey Satellite (TESS),5.2549,2.42763557,10,0,5934,1.0072,1.0269,8.844,7.392,8.69933
72,HD 63935 b,Transiting Exoplanet Survey Satellite (TESS),9.058807,2.91575244,10.5,0,5513,0.9598,0.9406,8.58,6.881,8.39353
73,HD 73583 b,Transiting Exoplanet Survey Satellite (TESS),6.398042,2.79,10.2,0.09,4511,0.65,0.73,9.67,6.948,9.27033
74,HD 73583 c,Transiting Exoplanet Survey Satellite (TESS),18.87974,2.39,9.7,0.08,4511,0.65,0.73,9.67,6.948,9.27033
75,HD 77946 b,Transiting Exoplanet Survey Satellite (TESS),6.527363,2.89646124,10.9,0.211,6007,1.3174,1.1973,8.99,7.622,8.85184
76,HD 86226 c,Transiting Exoplanet Survey Satellite (TESS),3.98442,2.16,7.25,0.075,5863,1.053,1.019,7.93,6.463,7.7713
77,HD 93963 A b,Transiting Exoplanet Survey Satellite (TESS),1.0376109,1.46954368,2.8,0,5908,1.0311,1.0844,9.182,7.776,9.03376
78,HD 93963 A c,Transiting Exoplanet Survey Satellite (TESS),3.6451389,3.11976057,18.4,0,5908,1.0311,1.0844,9.182,7.776,9.03376
81,HIP 65 A b,Transiting Exoplanet Survey Satellite (TESS),0.9809734,22.75427,1021.18779,0,4590,0.7242,0.781,11,8.29,10.5895
84,HIP 8152 b,Transiting Exoplanet Survey Satellite (TESS),10.751014,2.53625843,8.9,0,5618,0.9603,0.9373,10.07,8.449,9.90726
85,HIP 8152 c,Transiting Exoplanet Survey Satellite (TESS),19.60562,2.52442508,10.7,0.2,5618,0.9603,0.9373,10.07,8.449,9.90726
86,HIP 94235 b,Transiting Exoplanet Survey Satellite (TESS),7.713057,3,379,0.32,5991,1.08,1.094,8.31,6.881,8.16034
87,HIP 9618 b,Transiting Exoplanet Survey Satellite (TESS),20.772858,3.82838127,8.3,0,5649,0.9593,0.942,9.2,7.559,9.02543
88,HIP 9618 c,Transiting Exoplanet Survey Satellite (TESS),52.56363,3.42855926,7,0,5649,0.9593,0.942,9.2,7.559,9.02543
89,HIP 97166 b,Transiting Exoplanet Survey Satellite (TESS),10.288914,2.4801338,19.1,0.29,5216,0.8418,0.9342,9.92,7.923,9.68443
90,HR 858 b,Transiting Exoplanet Survey Satellite (TESS),3.585287,2.004,3.55,0,6354,1.258,1.204,6.38,5.149,6.25276
91,HR 858 c,Transiting Exoplanet Survey Satellite (TESS),5.973865,1.979,3.8,0,6354,1.258,1.204,6.38,5.149,6.25276
92,HR 858 d,Transiting Exoplanet Survey Satellite (TESS),11.230511,2.001,7.1,0,6354,1.258,1.204,6.38,5.149,6.25276
94,L 168-9 b,Transiting Exoplanet Survey Satellite (TESS),1.40152604,1.63,4.07,0,3842,0.604,0.614,11.005,7.082,10.2316
95,L 98-59 b,Transiting Exoplanet Survey Satellite (TESS),2.253114,0.837,0.46,0.031,3415,0.3155,0.2923,11.685,7.101,10.5976
96,L 98-59 c,Transiting Exoplanet Survey Satellite (TESS),3.6906764,1.329,2,0.002,3415,0.3155,0.2923,11.685,7.101,10.5976
97,L 98-59 d,Transiting Exoplanet Survey Satellite (TESS),7.450729,1.627,1.64,0.006,3415,0.3155,0.2923,11.685,7.101,10.5976
102,LHS 1815 b,Transiting Exoplanet Survey Satellite (TESS),3.814334,1.088,1.58,0,3643,0.501,0.502,12.167,7.993,11.2362
105,LP 714-47 b,Transiting Exoplanet Survey Satellite (TESS),4.052037,4.7,30.8,0.04,3950,0.584,0.59,12.492,8.626,11.7282
107,LP 791-18 c,Transiting Exoplanet Survey Satellite (TESS),4.9899093,2.438,7.1,8.00E-05,2960,0.182,0.139,16.91,10.644,15.0715
110,LTT 1445 A c,Transiting Exoplanet Survey Satellite (TESS),3.1239035,1.147,1.54,0.223,3340,0.265,0.257,10.59,6.496,10.0469
111,LTT 3780 b,Transiting Exoplanet Survey Satellite (TESS),0.76837931,1.325,2.46,0,3358,0.38,0.381,13.14,8.204001,11.8465
112,LTT 3780 c,Transiting Exoplanet Survey Satellite (TESS),12.252284,2.39,8.04,0.024,3358,0.38,0.381,13.14,8.204001,11.8465
113,LTT 9779 b,Transiting Exoplanet Survey Satellite (TESS),0.792052,4.72,29.32,0,5443,0.949,1.02,9.79,8.016,9.60006
114,NGTS-11 b,Transiting Exoplanet Survey Satellite (TESS),35.45533,9.157753,109.33352,0.13,5050,0.832,0.862,12.456,10.315,12.1895
115,NGTS-20 b,Transiting Exoplanet Survey Satellite (TESS),54.18915,11.99360935,947.1286529,0.432,5980,1.78,1.47,11.233,9.83,11.0313
116,NGTS-27 b,Transiting Exoplanet Survey Satellite (TESS),3.3704181,15.64773706,188.4722454,0,5700,1.77,1.07,13.523,11.859,13.3475
117,NGTS-30 b,Transiting Exoplanet Survey Satellite (TESS),98.29838,10.40193409,305.1152707,0.294,5455,0.913,0.94,12.537,10.501,12.1755
118,NGTS-31 b,Transiting Exoplanet Survey Satellite (TESS),4.162734,18.04645893,355.9678158,0,5710,1.7,0.96,13.519,11.775,13.303
119,NGTS-33 b,Transiting Exoplanet Survey Satellite (TESS),2.827972,18.38272835,1153.717117,0,7437,1.47,1.6,11.604,10.408,11.3976
120,Ross 176 b,Transiting Exoplanet Survey Satellite (TESS),5.0066338,1.84,4.57,0.25,4041,0.569,0.577,11.524,8.419,11.2715
121,TIC 139270665 b,Transiting Exoplanet Survey Satellite (TESS),23.624,7.22979255,147.1545524,0.105,5844,1.016,1.035,10.385,8.946,10.1805
122,TIC 172900988 b,Transiting Exoplanet Survey Satellite (TESS),200.452,11.25,942,0.0271,6050,1.3842,1.2384,10.141,8.762,10.0477
123,TIC 237913194 b,Transiting Exoplanet Survey Satellite (TESS),15.168865,12.520453,617.22586,0.575,5788,1.088,1.026,12.144,10.485,11.9371
124,TIC 241249530 b,Transiting Exoplanet Survey Satellite (TESS),165.7719,13.29385111,1582.785467,0.9412,6166,1.397,1.271,11.908,10.192,11.565
125,TIC 257060897 b,Transiting Exoplanet Survey Satellite (TESS),3.66003639,17.26183028,201.50321,0.039,5993,1.863,1.187,11.814,10.387,11.6659
126,TIC 279401253 b,Transiting Exoplanet Survey Satellite (TESS),76.8,11.2089807,1951.466419,0.448,5951,1.06,1.13,11.938,10.345,11.6965
127,TIC 365102760 b,Transiting Exoplanet Survey Satellite (TESS),4.21285367,6.21,19.2,0.406,4900,3.13,1.17,12.154,9.788,11.9772
128,TIC 393818343 b,Transiting Exoplanet Survey Satellite (TESS),16.24921,12.18416202,1379.375286,0.6058,5756,1.086,1.082,9.48,8.052,9.429071
131,TIC 46432937 b,Transiting Exoplanet Survey Satellite (TESS),1.44044527,13.31626907,1017.050902,0.009,3572,0.5299,0.563,14.268,10.195,13.433
132,TIC 4672985 b,Transiting Exoplanet Survey Satellite (TESS),69.048,11.5004142,4049.133905,0.018,5757,1.15,1.01,11.501,9.97,11.4442
134,TOI-1011 b,Transiting Exoplanet Survey Satellite (TESS),2.470498,1.45,4.04,0,5475,0.92,0.91,8.94,7.109,8.72937
135,TOI-1052 b,Transiting Exoplanet Survey Satellite (TESS),9.139703,2.87,16.9,0.18,6146,1.264,1.204,9.511,8.246,9.39972
136,TOI-1062 b,Transiting Exoplanet Survey Satellite (TESS),4.11296,2.265,10.15,0.177,5328,0.84,0.94,10.249,8.296,10.0008
137,TOI-1064 b,Transiting Exoplanet Survey Satellite (TESS),6.443868,2.587,13.5,0.047,4734,0.726,0.748,10.938,8.467,10.6491
138,TOI-1064 c,Transiting Exoplanet Survey Satellite (TESS),12.226574,2.651,2.5,0.088,4734,0.726,0.748,10.938,8.467,10.6491
139,TOI-1075 b,Transiting Exoplanet Survey Satellite (TESS),0.6047328,1.791,9.95,0,3875,0.581,0.604,12.615,9.115,12.0544
140,TOI-1107 b,Transiting Exoplanet Survey Satellite (TESS),4.0782387,14.57167491,1064.725163,0.025,6311,1.81,1.35,10.553,9.205,10.3745
141,TOI-1117 b,Transiting Exoplanet Survey Satellite (TESS),2.22816,2.46,8.9,0,5635,1.05,0.97,11.016,9.385,10.8621
142,TOI-1130 b,Transiting Exoplanet Survey Satellite (TESS),4.074554,3.66,19.8,0.052162,4360,0.697,0.745,11.595,8.351,10.9028
143,TOI-1130 c,Transiting Exoplanet Survey Satellite (TESS),8.3501898,13,336,0.0398,4360,0.697,0.745,11.595,8.351,10.9028
151,TOI-1173 b,Transiting Exoplanet Survey Satellite (TESS),7.06466,9.19,27.4,0.023,5350,0.934,0.911,11.038,9.134,10.8041
154,TOI-1181 b,Transiting Exoplanet Survey Satellite (TESS),2.103189,17.02644168,374.7196919,0.011,6054,1.961,1.467,10.582,9.22,10.4776
156,TOI-1194 b,Transiting Exoplanet Survey Satellite (TESS),2.3106446,8.71664516,120,0,5394,0.9608,0.9835,11.302,9.34,10.9887
157,TOI-1199 b,Transiting Exoplanet Survey Satellite (TESS),3.671463,10.5140239,75.96098927,0.03,5710,1.45,1.23,11.093,9.466,10.8853
158,TOI-1201 b,Transiting Exoplanet Survey Satellite (TESS),2.4919863,2.415,6.28,0,3476,0.508,0.512,12.26,8.646,12.0966
159,TOI-1203 d,Transiting Exoplanet Survey Satellite (TESS),25.502672,2.918,7.39,0.032,5737,1.179,0.886,8.59,6.997,8.42196
161,TOI-1221 b,Transiting Exoplanet Survey Satellite (TESS),91.68278,2.91,1112.399425,0.21,5592,1.031,0.93,10.494,9.036,10.5262
165,TOI-1231 b,Transiting Exoplanet Survey Satellite (TESS),24.245586,3.65,15.4,0.087,3553,0.476,0.485,12.36,8.069,11.36
166,TOI-1235 b,Transiting Exoplanet Survey Satellite (TESS),3.444714,1.69,6.69,0.049,3997,0.619,0.63,11.495,7.893,10.8492
167,TOI-1238 b,Transiting Exoplanet Survey Satellite (TESS),0.764597,1.21,3.76,0.25,4089,0.58,0.59,12.796,9.184,12.2219
168,TOI-1238 c,Transiting Exoplanet Survey Satellite (TESS),3.294736,2.11,8.32,0.15,4089,0.58,0.59,12.796,9.184,12.2219
171,TOI-1246 c,Transiting Exoplanet Survey Satellite (TESS),5.904137,2.45109846,9.1,0,5213,0.8649,0.8889,11.632,9.907,11.7291
172,TOI-1246 d,Transiting Exoplanet Survey Satellite (TESS),18.654874,3.43139739,5.4,0,5213,0.8649,0.8889,11.632,9.907,11.7291
173,TOI-1246 e,Transiting Exoplanet Survey Satellite (TESS),37.92548,3.5141875,14.5,0,5213,0.8649,0.8889,11.632,9.907,11.7291
174,TOI-1248 b,Transiting Exoplanet Survey Satellite (TESS),4.3601561,6.8084859,27.4,0,5205,0.8686,0.9042,11.806,9.87,11.6512
175,TOI-1249 b,Transiting Exoplanet Survey Satellite (TESS),13.079151,3.2710301,11.9,0,5497,0.9785,1.0062,11.089,9.126,10.6987
176,TOI-125 b,Transiting Exoplanet Survey Satellite (TESS),4.65382,2.726,9.5,0.194,5320,0.848,0.859,11.023,8.995,10.718
177,TOI-125 c,Transiting Exoplanet Survey Satellite (TESS),9.15059,2.759,6.63,0.066,5320,0.848,0.859,11.023,8.995,10.718
178,TOI-125 d,Transiting Exoplanet Survey Satellite (TESS),19.98,2.93,13.6,0.168,5320,0.848,0.859,11.023,8.995,10.718
179,TOI-1259 A b,Transiting Exoplanet Survey Satellite (TESS),3.477978,11.45557828,140.1623275,0,4775,0.711,0.744,12.079,9.619,11.8104
180,TOI-1260 b,Transiting Exoplanet Survey Satellite (TESS),3.127463,2.41,8.56,0,4227,0.672,0.679,11.922,8.95,11.5743
181,TOI-1260 c,Transiting Exoplanet Survey Satellite (TESS),7.493134,2.76,13.2,0,4227,0.672,0.679,11.922,8.95,11.5743
182,TOI-1260 d,Transiting Exoplanet Survey Satellite (TESS),16.608164,3.12,11.84,0,4227,0.672,0.679,11.922,8.95,11.5743
183,TOI-1266 b,Transiting Exoplanet Survey Satellite (TESS),10.8945,2.52,4.46,0.039,3563,0.4232,0.437,12.941,8.84,12.1222
184,TOI-1266 c,Transiting Exoplanet Survey Satellite (TESS),18.8027,1.98,3.17,0.071,3563,0.4232,0.437,12.941,8.84,12.1222
186,TOI-1268 b,Transiting Exoplanet Survey Satellite (TESS),8.1577094,9.1,96.4,0.105,5300,0.92,0.96,10.92,8.911,10.692
187,TOI-1269 b,Transiting Exoplanet Survey Satellite (TESS),4.2529913,2.40144286,6.4,0,5499,0.8521,0.9027,11.618,9.89,11.4712
188,TOI-1272 b,Transiting Exoplanet Survey Satellite (TESS),3.31599,4.13204907,27,0.35,5065,0.7934,0.8772,11.758,9.701,11.6
189,TOI-1273 b,Transiting Exoplanet Survey Satellite (TESS),4.631296,11.09689089,70.55790635,0.055,5690,1.06,1.06,10.98,9.417,10.8662
190,TOI-1278 b,Transiting Exoplanet Survey Satellite (TESS),14.47567,12.21778896,5879.82553,0.013,3799,0.573,0.54,13.502,9.735,12.7543
191,TOI-1279 b,Transiting Exoplanet Survey Satellite (TESS),9.61419,2.66146528,10.6,0,5457,0.8426,0.8784,10.714,8.887,10.4785
193,TOI-1288 b,Transiting Exoplanet Survey Satellite (TESS),2.6998279,4.96846551,44.1,0,5388,0.9583,0.9552,10.445,8.779,10.4468
194,TOI-1294 b,Transiting Exoplanet Survey Satellite (TESS),3.915292,10.12369881,63.9,0,5718,1.5566,1.1578,11.314,9.964,11.3998
195,TOI-1295 b,Transiting Exoplanet Survey Satellite (TESS),3.1968838,15.69257298,451.3163379,0.024,6280,1.7,1.38,11.303,10.08,11.1307
196,TOI-1296 b,Transiting Exoplanet Survey Satellite (TESS),3.9443736,14.11645916,95.3,0,5567,1.7031,1.1576,11.37,9.742,11.2912
197,TOI-1298 b,Transiting Exoplanet Survey Satellite (TESS),4.537143,9.65807033,99,0,5752,1.4536,1.2187,11.889,10.012,11.4038
199,TOI-132 b,Transiting Exoplanet Survey Satellite (TESS),2.1097019,3.42,22.4,0.059,5397,0.9,0.97,11.197,9.646,11.3208
200,TOI-1333 b,Transiting Exoplanet Survey Satellite (TESS),4.720219,15.647764,753.2571,0.073,6274,1.925,1.464,9.438,8.272,9.35039
204,TOI-1347 b,Transiting Exoplanet Survey Satellite (TESS),0.84742346,1.8,11.1,0,5464,0.83,0.913,11.168,9.616,11.2087
205,TOI-1347 c,Transiting Exoplanet Survey Satellite (TESS),4.841962,1.6,6.4,0,5464,0.83,0.913,11.168,9.616,11.2087
206,TOI-1386 b,Transiting Exoplanet Survey Satellite (TESS),25.8401,6.2163865,45.8,0,5735,1.0235,1.0363,10.61,9.086,10.5069
208,TOI-1408 b,Transiting Exoplanet Survey Satellite (TESS),4.42587,25,593,0.0023,6117,1.53,1.312,9.270001,8.078,9.18795
209,TOI-1408 c,Transiting Exoplanet Survey Satellite (TESS),2.1664,2.22,7.6,0.1353,6117,1.53,1.312,9.270001,8.078,9.18795
210,TOI-1410.01,Transiting Exoplanet Survey Satellite (TESS),1.21687,3.10083009,12.5,0,4635,0.7558,0.7941,11.111,8.577,10.8746
211,TOI-1411 b,Transiting Exoplanet Survey Satellite (TESS),1.4520527,1.19880592,2,0,4115,0.614,0.6045,10.51,7.25,9.87723
212,TOI-1416 b,Transiting Exoplanet Survey Satellite (TESS),1.0697568,1.62,3.48,0,4884,0.793,0.798,9.91,7.708,9.65254
213,TOI-1420 b,Transiting Exoplanet Survey Satellite (TESS),6.9561063,11.89,25.1,0.17,5510,0.923,0.987,11.655,10.119,11.738
214,TOI-1422 b,Transiting Exoplanet Survey Satellite (TESS),12.9972,3.96,9,0.04,5840,1.019,0.981,10.622,9.19,10.5521
215,TOI-1431 b,Transiting Exoplanet Survey Satellite (TESS),2.650237,16.70138124,991.6246298,0.0022,7690,1.92,1.9,8.03,7.439,7.97561
216,TOI-1437 b,Transiting Exoplanet Survey Satellite (TESS),18.840942,2.24,9.6,0.17,6008,1.17,1.1,9.173,7.817,9.07928
217,TOI-1438 b,Transiting Exoplanet Survey Satellite (TESS),5.13967,3.04,9.4,0,5230,0.82,0.876,10.957,9.09,10.8549
218,TOI-1438 c,Transiting Exoplanet Survey Satellite (TESS),9.428089,2.75,10.6,0,5230,0.82,0.876,10.957,9.09,10.8549
219,TOI-1439 b,Transiting Exoplanet Survey Satellite (TESS),27.644,4.2427861,38.5,0.157,5841,1.6184,1.2313,10.55,9.053001,10.4168
221,TOI-1443 b,Transiting Exoplanet Survey Satellite (TESS),23.540678,2.30381001,30,0,5224,0.7511,0.7663,10.675,8.674,10.4596
222,TOI-1444 b,Transiting Exoplanet Survey Satellite (TESS),0.4702743,1.41792246,3.58,0,5460,0.9105,0.9513,10.936,9.061,10.6417
223,TOI-1448 b,Transiting Exoplanet Survey Satellite (TESS),8.112245,2.749,19.5,0.36,3412,0.38,0.372,15.678,10.765,14.4005
225,TOI-1451 b,Transiting Exoplanet Survey Satellite (TESS),16.537944,2.61143902,15.2,0,5801,1.0162,1.0022,9.584,8.073,9.42861
226,TOI-1452 b,Transiting Exoplanet Survey Satellite (TESS),11.06201,1.672,4.82,0,3185,0.275,0.249,14.354,9.74,13.6233
227,TOI-1453 b,Transiting Exoplanet Survey Satellite (TESS),4.3135225,1.173,2.32,0,4975,0.72,0.715,11.113,8.686,10.7265
228,TOI-1453 c,Transiting Exoplanet Survey Satellite (TESS),6.5886982,2.224,2.95,0,4975,0.72,0.715,11.113,8.686,10.7265
230,TOI-1468 b,Transiting Exoplanet Survey Satellite (TESS),1.8805201,1.401,3.04,0.0099,3376,0.3714,0.3527,12.5,8.497,12.1172
231,TOI-1468 c,Transiting Exoplanet Survey Satellite (TESS),15.532477,2.126,4.1,0.111,3376,0.3714,0.3527,12.5,8.497,12.1172
232,TOI-1470 b,Transiting Exoplanet Survey Satellite (TESS),2.527093,2.18,7.32,0.3,3709,0.469,0.471,13.459,9.283,12.5555
233,TOI-1470 c,Transiting Exoplanet Survey Satellite (TESS),18.08816,2.47,7.24,0.5,3709,0.469,0.471,13.459,9.283,12.5555
234,TOI-1472 b,Transiting Exoplanet Survey Satellite (TESS),6.36381,4.15964583,16.5,0,5133,0.8377,0.9154,11.302,9.277,11.1107
236,TOI-150.01,Transiting Exoplanet Survey Satellite (TESS),5.857487,14.067295,797.7533,0.262,6255,1.526,1.351,11.39,9.94,11.3408
238,TOI-157 b,Transiting Exoplanet Survey Satellite (TESS),2.0845435,14.414774,375.0394,0,5404,1.167,0.948,12.725,10.892,12.5143
239,TOI-1601 b,Transiting Exoplanet Survey Satellite (TESS),5.33175,14.19902343,387,0,5982,2.195,1.5055,10.66,9.191,10.5276
240,TOI-163 b,Transiting Exoplanet Survey Satellite (TESS),4.231306,16.690201,387.7526,0,6495,1.648,1.4352,11.467,10.124,11.2193
242,TOI-1634 b,Transiting Exoplanet Survey Satellite (TESS),0.9893455,1.773,7.57,0,3472,0.45,0.451,13.217,8.6,12.1965
244,TOI-1669 c,Transiting Exoplanet Survey Satellite (TESS),2.6800535,2.2963977,13,0,5497,1.0561,0.9867,10.218,8.462,10.0089
245,TOI-1670 b,Transiting Exoplanet Survey Satellite (TESS),10.98462,2.06,41.31769291,0.59,6170,1.316,1.21,9.889,8.724,9.81934
246,TOI-1670 c,Transiting Exoplanet Survey Satellite (TESS),40.74976,11.06326395,200.2318964,0.09,6170,1.316,1.21,9.889,8.724,9.81934
249,TOI-1685 b,Transiting Exoplanet Survey Satellite (TESS),0.66913924,1.468,3.03,0,3575,0.4555,0.454,13.378,8.758,12.2956
250,TOI-169 b,Transiting Exoplanet Survey Satellite (TESS),2.2554477,12.172974,251.40353,0,5880,1.288,1.147,12.355,10.815,12.2379
253,TOI-1694 b,Transiting Exoplanet Survey Satellite (TESS),3.770107,5.3422266,31.3,0,5058,0.8036,0.853,11.446,9.425,11.3103
254,TOI-1695 b,Transiting Exoplanet Survey Satellite (TESS),3.1342791,1.9,6.36,0.097,3690,0.515,0.513,12.989,8.818,12.1364
256,TOI-1710 b,Transiting Exoplanet Survey Satellite (TESS),24.283377,5.20315158,22.4,0,5684,0.9574,1.0258,9.545,7.959,9.35983
258,TOI-172 b,Transiting Exoplanet Survey Satellite (TESS),9.47725,10.816685,1722.6386,0.3806,5645,1.777,1.128,11.299,9.722,11.1927
260,TOI-1728 b,Transiting Exoplanet Survey Satellite (TESS),3.49151,5.05,26.78,0.057,3980,0.6243,0.646,12.39,8.803001,11.7294
261,TOI-1736 b,Transiting Exoplanet Survey Satellite (TESS),7.073076,3.18175535,12.3,0,5636,1.4286,1.0373,8.953,7.283,8.77969
263,TOI-1742 b,Transiting Exoplanet Survey Satellite (TESS),21.269084,2.36507598,9.7,0.3,5815,1.131,1.0861,8.863,7.335,8.72791
266,TOI-1749 b,Transiting Exoplanet Survey Satellite (TESS),2.38839,1.39,57,0.14,3985,0.55,0.58,13.86,10.27,13.1798
267,TOI-1749 c,Transiting Exoplanet Survey Satellite (TESS),4.4929,2.12,14,0.019,3985,0.55,0.58,13.86,10.27,13.1798
268,TOI-1749 d,Transiting Exoplanet Survey Satellite (TESS),9.0497,2.52,15,0.062,3985,0.55,0.58,13.86,10.27,13.1798
269,TOI-1751 b,Transiting Exoplanet Survey Satellite (TESS),37.46852,2.9507845,19.5,0.327,5970,1.3137,0.9382,9.327,7.934,9.18941
270,TOI-1753 b,Transiting Exoplanet Survey Satellite (TESS),5.3846104,2.47852533,16.6,0,5621,0.9715,0.9483,11.831,10.175,11.664
272,TOI-1759 b,Transiting Exoplanet Survey Satellite (TESS),18.85019,3.14,10.8,0,4065,0.597,0.606,11.93,7.93,10.8385
275,TOI-1775 b,Transiting Exoplanet Survey Satellite (TESS),10.2405549,8.04728896,96,0,5284,0.8288,0.9218,11.648,9.722,11.4501
276,TOI-1776 b,Transiting Exoplanet Survey Satellite (TESS),2.799868,1.21612741,1.4,0,5785,0.9356,0.9196,8.26,6.687,8.09023
286,TOI-1794 b,Transiting Exoplanet Survey Satellite (TESS),8.765528,3.29701268,8.7,0,5631,1.3162,0.9698,10.32,8.692,10.1444
290,TOI-1801 b,Transiting Exoplanet Survey Satellite (TESS),10.64387,2.079,5.738,0,3863,0.547,0.556,11.58,7.805,10.8269
291,TOI-1803 b,Transiting Exoplanet Survey Satellite (TESS),6.293287,2.99,10.32,0,4687,0.715,0.756,11.871,9.658,11.7705
292,TOI-1803 c,Transiting Exoplanet Survey Satellite (TESS),12.885779,4.29,8,0,4687,0.715,0.756,11.871,9.658,11.7705
294,TOI-1807 b,Transiting Exoplanet Survey Satellite (TESS),0.54937097,1.49681583,2.44,0,4914,0.746,0.8048,10,7.568,9.67517
295,TOI-181 b,Transiting Exoplanet Survey Satellite (TESS),4.532,6.9559,46.1687,0.1543,4994,0.745,0.822,11.191,9.047,11.0857
296,TOI-1811 b,Transiting Exoplanet Survey Satellite (TESS),3.7130765,11.14172682,308.9292116,0.052,4766,0.769,0.817,11.966,9.643,11.7574
297,TOI-1820 b,Transiting Exoplanet Survey Satellite (TESS),4.860674,12.778238,731.0053361,0.043,5734,1.51,1.04,10.899,9.508,10.9653
298,TOI-1823 b,Transiting Exoplanet Survey Satellite (TESS),38.8,7.5406241,67.4,0,4927,0.8049,0.8414,10.728,8.332,10.3908
299,TOI-1824 b,Transiting Exoplanet Survey Satellite (TESS),22.808533,2.7438269,16,0,5165,0.8123,0.8801,9.721,7.757,9.5075
300,TOI-1836 b,Transiting Exoplanet Survey Satellite (TESS),20.380799,8.00321222,38.45723725,0,6380,1.577,1.307,9.765,8.531,9.64482
301,TOI-1836 c,Transiting Exoplanet Survey Satellite (TESS),1.7727471,2.59987579,8,0,6237,1.6454,1.2518,9.765,8.531,9.64482
302,TOI-1842 b,Transiting Exoplanet Survey Satellite (TESS),9.5739181,12.3485023,89.4,0.276,6039,2.032,1.4643,9.815,8.446,9.65981
304,TOI-1853 b,Transiting Exoplanet Survey Satellite (TESS),1.2436258,3.46,73.2,0.03,4985,0.808,0.837,12.178,10.055,11.9474
305,TOI-1855 b,Transiting Exoplanet Survey Satellite (TESS),1.36414864,18.49481816,360.0995851,0.033,5359,1.041,0.987,11.197,9.523,11.1611
309,TOI-1898 b,Transiting Exoplanet Survey Satellite (TESS),45.52234,9.39553231,129,0.485,6241,1.6131,1.2484,7.87,6.663,7.748
310,TOI-1899 b,Transiting Exoplanet Survey Satellite (TESS),29.090312,11.09689089,212.9450327,0.044,3926,0.607,0.632,14.88,10.509,13.5553
311,TOI-1937 A b,Transiting Exoplanet Survey Satellite (TESS),0.94667944,13.97759893,638.8350981,0,5814,1.08,1.072,13.18,11.226,13.0168
313,TOI-199 b,Transiting Exoplanet Survey Satellite (TESS),104.854,9.07927437,54.03082919,0.09,5255,0.82,0.936,10.701,8.814,10.5784
314,TOI-1994 b,Transiting Exoplanet Survey Satellite (TESS),4.0337142,13.67495645,7024.007795,0.341,7700,2.3,1.86,10.514,9.775,10.428
315,TOI-2000 b,Transiting Exoplanet Survey Satellite (TESS),3.09833,2.7,11,0,5611,1.134,1.082,10.984,9.303001,10.8542
316,TOI-2000 c,Transiting Exoplanet Survey Satellite (TESS),9.127055,8.14,81.7,0.063,5611,1.134,1.082,10.984,9.303001,10.8542
317,TOI-2005 b,Transiting Exoplanet Survey Satellite (TESS),17.305904,11.99360935,2034.101805,0.597,7130,2.02,1.59,9.867,8.905,9.75967
320,TOI-2010 b,Transiting Exoplanet Survey Satellite (TESS),141.834025,11.81426566,408.7273314,0.212,5929,1.079,1.112,9.849,8.281,9.69568
321,TOI-2015 b,Transiting Exoplanet Survey Satellite (TESS),3.348237,3.309,9.2,0.0789,3297,0.3273,0.3041,16.11,10.263,14.176
322,TOI-2018 b,Transiting Exoplanet Survey Satellite (TESS),7.435583,2.268,9.2,0,4174,0.62,0.57,10.25,7.104,9.71999
323,TOI-2019 b,Transiting Exoplanet Survey Satellite (TESS),15.3444,5.33275337,34.4,0,5626,1.7457,1.1832,10.263,8.598,10.0769
324,TOI-2025 b,Transiting Exoplanet Survey Satellite (TESS),8.8720982,11.89272852,1144.182265,0.394,5977,1.459,1.199,11.599,10.01,11.3637
325,TOI-2031 A b,Transiting Exoplanet Survey Satellite (TESS),5.71548654,14.20177855,254.2627256,0.076,6490,1.241,1.174,11.254,9.971,11.1141
331,TOI-2076 c,Transiting Exoplanet Survey Satellite (TESS),21.015327,3.69441587,55,0,5192,0.796,0.8557,9.139,7.115,8.91028
332,TOI-2076 d,Transiting Exoplanet Survey Satellite (TESS),35.125686,3.43087751,29,0,5192,0.796,0.8557,9.139,7.115,8.91028
336,TOI-2088 b,Transiting Exoplanet Survey Satellite (TESS),124.72997,3.6831179,37,0,5081,0.8481,0.9027,11.638,9.521,11.4808
337,TOI-2093 c,Transiting Exoplanet Survey Satellite (TESS),53.81149,2.3,15.8,0,4426,0.729,0.745,11.925,8.975,11.3685
338,TOI-2095 b,Transiting Exoplanet Survey Satellite (TESS),17.66484,1.25,4.1,0,3759,0.44,0.44,13.19,8.988,12.094
339,TOI-2095 c,Transiting Exoplanet Survey Satellite (TESS),28.17232,1.33,7.4,0,3759,0.44,0.44,13.19,8.988,12.094
342,TOI-2107 b,Transiting Exoplanet Survey Satellite (TESS),2.4545467,13.57407563,263.7975778,0.033,5627,0.932,0.961,12.0363,10.328,11.8642
344,TOI-2120 b,Transiting Exoplanet Survey Satellite (TESS),5.7998164,2.122,6.8,0.32,3131,0.245,0.211,15.648,10.205,14.1872
345,TOI-2128 b,Transiting Exoplanet Survey Satellite (TESS),16.34136,2.08874836,4.5,0,5968,1.1174,1.0251,7.22142,5.821,7.06642
346,TOI-2134 b,Transiting Exoplanet Survey Satellite (TESS),9.2292005,2.69,9.13,0.06,4580,0.709,0.744,8.933,6.091,8.5077
347,TOI-2134 c,Transiting Exoplanet Survey Satellite (TESS),95.5,7.27,41.89,0.67,4580,0.709,0.744,8.933,6.091,8.5077
348,TOI-2136 b,Transiting Exoplanet Survey Satellite (TESS),7.851928,2.19,6.37,0,3342,0.34,0.34,14.32,9.343,12.9643
350,TOI-2145 b,Transiting Exoplanet Survey Satellite (TESS),10.261127,12.41899699,1767,0.21,6200,2.7505,1.7169,9.07,7.761,8.93651
351,TOI-2152 A b,Transiting Exoplanet Survey Satellite (TESS),3.3773512,14.35870428,899.4543918,0.057,6630,1.612,1.516,11.436,9.597,11.2407
352,TOI-2154 b,Transiting Exoplanet Survey Satellite (TESS),3.8240801,16.28664896,292.4021344,0.117,6280,1.396,1.233,11.068,9.85,11.0359
353,TOI-2158 b,Transiting Exoplanet Survey Satellite (TESS),8.60077,10.76062147,260.6192937,0.07,5673,1.41,1.12,10.887,9.071,10.6718
356,TOI-2169 A b,Transiting Exoplanet Survey Satellite (TESS),8.2148282,12.50922246,329.5880581,0.045,6270,1.82,1.42,11.16,9.669,10.9562
357,TOI-2180 b,Transiting Exoplanet Survey Satellite (TESS),260.79,11.32107051,875.6172613,0.3683,5695,1.636,1.111,9.162,7.604,9.01133
358,TOI-2184 b,Transiting Exoplanet Survey Satellite (TESS),6.90683,11.39953337,206.5884646,0.08,5966,2.9,1.53,12.254,10.41,11.8482
359,TOI-2193 A b,Transiting Exoplanet Survey Satellite (TESS),2.1225735,19.83989584,298.7587026,0,5966,1.248,1.082,11.976,10.383,11.8135
361,TOI-2196 b,Transiting Exoplanet Survey Satellite (TESS),1.1947268,3.51,26,0,5634,1.043,1.032,12.297,10.346,11.8259
362,TOI-220 b,Transiting Exoplanet Survey Satellite (TESS),10.695264,3.03,13.8,0.032,5298,0.858,0.825,10.466,8.542,10.1897
363,TOI-2202 b,Transiting Exoplanet Survey Satellite (TESS),11.9126075,10.95117414,287.3168799,0.022,5169,0.808,0.841,13.004,10.8,12.7606
364,TOI-2207 b,Transiting Exoplanet Survey Satellite (TESS),8.001968,11.1529358,203.4101805,0.174,6101,1.564,1.296,11.316,10.133,11.3545
366,TOI-2236 b,Transiting Exoplanet Survey Satellite (TESS),3.5315902,14.36991326,502.1688831,0,6248,1.573,1.343,11.6,9.96,11.2905
372,TOI-2295 b,Transiting Exoplanet Survey Satellite (TESS),30.033302,16.47720163,278.0998561,0.334,5730,1.459,1.168,9.595,8.111,9.46138
373,TOI-2322 b,Transiting Exoplanet Survey Satellite (TESS),11.30717,0.994,2.31,0,4664,0.662,0.703,10.912,8.369,10.7489
374,TOI-2322 c,Transiting Exoplanet Survey Satellite (TESS),20.225528,1.874,18.1,0,4664,0.662,0.703,10.912,8.369,10.7489
375,TOI-2328 b,Transiting Exoplanet Survey Satellite (TESS),17.10197,9.97599282,50.85254512,0.057,5525,0.9,0.95,12.331,10.395,12.1082
376,TOI-2337 b,Transiting Exoplanet Survey Satellite (TESS),2.99432,10.08808263,508.5254512,0.019,4780,3.22,1.325,12.524,9.678001,11.8752
377,TOI-2338 b,Transiting Exoplanet Survey Satellite (TESS),22.65398,11.2089807,1900.613874,0.676,5581,1.05,0.99,12.483,10.664,12.1856
380,TOI-2346 b,Transiting Exoplanet Survey Satellite (TESS),3.3312029,16.11851425,394.1072247,0.086,6480,1.38,1.271,12.366,10.712,11.9242
381,TOI-2364 b,Transiting Exoplanet Survey Satellite (TESS),4.0197517,8.60849718,71.51139158,0,5306,0.886,0.954,12.234,10.363,12.0921
382,TOI-2368 b,Transiting Exoplanet Survey Satellite (TESS),5.1750073,10.83908434,206.5884646,0.061,5360,0.846,0.897,12.486,10.342,12.2727
384,TOI-2373 b,Transiting Exoplanet Survey Satellite (TESS),13.33668,10.42435205,2955.804185,0.112,5651,1.102,1.041,13.251,11.586,13.0711
385,TOI-2374 b,Transiting Exoplanet Survey Satellite (TESS),4.31361,6.81,56.64,0.13,4802,0.69,0.75,12.095,9.793,11.827
386,TOI-2379 b,Transiting Exoplanet Survey Satellite (TESS),5.4693827,11.72459381,1830.691624,0.342,3707,0.622,0.645,15.548,11.477,14.6601
388,TOI-2382 b,Transiting Exoplanet Survey Satellite (TESS),4.6612061,12.25141591,235.1930212,0.18,6033,1.417,1.26,11.814,10.578,11.8534
389,TOI-2384 b,Transiting Exoplanet Survey Satellite (TESS),2.13570304,11.48920522,624.8506482,0,3943,0.6113,0.635,15.103,11.119,14.3985
393,TOI-2416 b,Transiting Exoplanet Survey Satellite (TESS),8.275479,9.86390302,953.485221,0.32,5808,1.236,1.118,13.019,11.511,12.8909
395,TOI-2421 b,Transiting Exoplanet Survey Satellite (TESS),4.3474032,10.36830715,105.8368595,0,5607,1.75,1.131,11.419,9.667,11.1554
398,TOI-2443 b,Transiting Exoplanet Survey Satellite (TESS),15.66858,2.363,4.8,0.301,4375,0.631,0.642,9.51,6.5,9.0333
400,TOI-2447 b,Transiting Exoplanet Survey Satellite (TESS),69.33684,9.60609646,124.906564,0.17,5730,1.006,1.034,10.507,9.12,10.4403
401,TOI-2449 b,Transiting Exoplanet Survey Satellite (TESS),106.14468,11.24,222,0.098,6021,1.065,1.079,10.416,9.073,10.2924
402,TOI-2458 b,Transiting Exoplanet Survey Satellite (TESS),3.73659,2.83,13.31,0.087,6005,1.31,1.05,9.202,7.891,9.09716
405,TOI-2497 b,Transiting Exoplanet Survey Satellite (TESS),10.655669,11.14172682,1531.932922,0.195,7360,2.36,1.859,9.547,8.486,9.47244
406,TOI-2498 b,Transiting Exoplanet Survey Satellite (TESS),3.738252,6.06,34.62,0.089,5905,1.26,1.12,11.196,9.933,11.2677
407,TOI-251 b,Transiting Exoplanet Survey Satellite (TESS),4.93777,2.74,317.83,0,5875,0.881,1.036,9.887,8.426,9.75411
408,TOI-2524 b,Transiting Exoplanet Survey Satellite (TESS),7.18585,11.2089807,203.4101805,0,5831,1.119,1.007,12.8,11.198,12.6225
409,TOI-2525 b,Transiting Exoplanet Survey Satellite (TESS),23.2856,8.67575106,26.69758619,0.17,5096,0.785,0.849,14.216,11.905,14.012
410,TOI-2525 c,Transiting Exoplanet Survey Satellite (TESS),49.2519,10.13291855,208.8132634,0.157,5096,0.785,0.849,14.216,11.905,14.012
411,TOI-2529 b,Transiting Exoplanet Survey Satellite (TESS),64.5949,11.54525012,743.7184724,0.021,5802,1.7,1.11,11.529,9.489,11.1911
412,TOI-2537 b,Transiting Exoplanet Survey Satellite (TESS),94.1022,11.25381662,415.401728,0.364,4870,0.771,0.771,13.236,10.387,12.73
414,TOI-2567 b,Transiting Exoplanet Survey Satellite (TESS),5.983944,10.92875618,63.88350981,0,5611,1.686,1.13,12.3,10.717,12.2213
415,TOI-257 b,Transiting Exoplanet Survey Satellite (TESS),18.38818,7.16253867,43.86032017,0,6095,1.867,1.407,7.57,6.256,7.41653
416,TOI-2570 b,Transiting Exoplanet Survey Satellite (TESS),2.9887615,13.64132951,260.6192937,0,5771,1.095,1.063,12.569,10.905,12.4599
417,TOI-2580 b,Transiting Exoplanet Survey Satellite (TESS),3.39775,17.37392009,200.2318964,0.08,6120,1.81,1.33,11.419,9.877,11.2548
418,TOI-2583 A b,Transiting Exoplanet Survey Satellite (TESS),4.5207265,14.4595851,79.45710175,0,5936,1.477,1.215,12.586,11.245,12.4592
419,TOI-2587 A b,Transiting Exoplanet Survey Satellite (TESS),5.45664,12.07207221,69.28659273,0,5760,1.726,1.15,11.544,9.991,11.4079
420,TOI-2589 b,Transiting Exoplanet Survey Satellite (TESS),61.6277,12.10569916,1112.399425,0.522,5579,1.07,0.93,11.415,9.632,11.1958
421,TOI-260 b,Transiting Exoplanet Survey Satellite (TESS),13.475853,1.71,4.23,0,4026,0.607,0.616,9.9,6.549,9.3124
424,TOI-2641 b,Transiting Exoplanet Survey Satellite (TESS),4.880974,18.10250383,122.6817651,0.18,6100,1.336,1.16,11.693,10.325,11.5712
425,TOI-2669 b,Transiting Exoplanet Survey Satellite (TESS),6.2034,19.72780603,193.8753283,0.09,4800,4.1,1.19,10.916,8.492,10.6019
426,TOI-269 b,Transiting Exoplanet Survey Satellite (TESS),3.6977104,2.77,8.8,0.425,3514,0.398,0.3917,14.37,10.1,13.4258
427,TOI-270 b,Transiting Exoplanet Survey Satellite (TESS),3.35992,1.28,1.48,0.0167,3506,0.38,0.386,12.603,8.251,11.6306
428,TOI-270 c,Transiting Exoplanet Survey Satellite (TESS),5.66051,2.33,6.2,0.0044,3506,0.38,0.386,12.603,8.251,11.6306
429,TOI-270 d,Transiting Exoplanet Survey Satellite (TESS),11.38194,2,4.2,0.0066,3506,0.38,0.386,12.603,8.251,11.6306
430,TOI-2714 b,Transiting Exoplanet Survey Satellite (TESS),2.499387,13.72,228,0.164,5665,1.25,1.07,13.468,11.807,13.2544
434,TOI-2796 b,Transiting Exoplanet Survey Satellite (TESS),4.8084983,17.26183028,139.8444991,0,5764,1.069,1.063,12.475,10.936,12.3642
435,TOI-2803 A b,Transiting Exoplanet Survey Satellite (TESS),1.96229325,18.11371281,309.8826968,0,6280,1.245,1.118,12.537,11.282,12.4272
436,TOI-2818 b,Transiting Exoplanet Survey Satellite (TESS),4.039709,15.27784069,225.658169,0,5721,1.229,0.977,11.937,10.403,11.8367
437,TOI-2842 b,Transiting Exoplanet Survey Satellite (TESS),3.5514058,12.84549188,117.5965106,0,5910,1.265,1.135,12.59,11.062,12.4636
438,TOI-286 b,Transiting Exoplanet Survey Satellite (TESS),4.5117244,1.42,4.53,0,5152,0.78,0.832,9.866,7.851,9.65064
439,TOI-286 c,Transiting Exoplanet Survey Satellite (TESS),39.361826,1.88,3.72,0,5152,0.78,0.832,9.866,7.851,9.65064
440,TOI-2876 b,Transiting Exoplanet Survey Satellite (TESS),6.2996431,9.6397234,54.03082919,0.13,5271,0.873,0.939,12.401,10.443,12.2566
441,TOI-2886 b,Transiting Exoplanet Survey Satellite (TESS),1.60200105,18.6405349,444.9597698,0.11,6240,1.241,1.229,12.265,10.918,12.1953
442,TOI-2969 b,Transiting Exoplanet Survey Satellite (TESS),1.8237146,12.32987877,368.6809521,0,4738,0.7,0.71,12.796,10.25,12.6195
443,TOI-2977 b,Transiting Exoplanet Survey Satellite (TESS),2.3505614,13.15934334,533.9517238,0,5691,1.073,0.936,12.6334,10.666,12.4443
444,TOI-2981 b,Transiting Exoplanet Survey Satellite (TESS),3.601501,13.4,638,0.035,5940,1.08,1.03,13.361,11.78,13.1868
445,TOI-2986 b,Transiting Exoplanet Survey Satellite (TESS),3.2783662,9.292245,96.61983573,0.14,5906,1.458,1.122,12.633,11.187,12.4758
446,TOI-2989 b,Transiting Exoplanet Survey Satellite (TESS),3.122832,12.55405838,953.485221,0,4672,0.76,0.77,13.859,10.861,13.4755
447,TOI-2992 b,Transiting Exoplanet Survey Satellite (TESS),3.007812,13.75341932,1058.368595,0.089,6000,1.545,1.21,12.603,11.027,12.3899
448,TOI-3023 b,Transiting Exoplanet Survey Satellite (TESS),3.9014971,16.43236571,197.0536123,0,5760,1.668,1.12,12.252,10.243,12.0336
449,TOI-3071 b,Transiting Exoplanet Survey Satellite (TESS),1.266938,7.16,68.2,0.09,6177,1.31,1.29,12.383,11.005,12.2766
451,TOI-3135 b,Transiting Exoplanet Survey Satellite (TESS),3.7065585,13.65253849,327.3632592,0.24,5890,0.985,1.044,11.79,10.009,11.5801
452,TOI-3160 A b,Transiting Exoplanet Survey Satellite (TESS),3.971281,13.7646283,378.2158043,0.18,6190,1.346,1.088,12.649,10.894,12.3708
453,TOI-3235 b,Transiting Exoplanet Survey Satellite (TESS),2.59261842,11.39953337,211.3558907,0.029,3388.8,0.3697,0.3939,15.16,10.819,14.4858
454,TOI-3261 b,Transiting Exoplanet Survey Satellite (TESS),0.8831331,3.82,30.3,0,5068,0.849,0.861,13.261,11.184,13.0582
455,TOI-329 b,Transiting Exoplanet Survey Satellite (TESS),5.70439,4.94057819,40.4,0.39,5614,1.5326,1.0678,11.262,9.677,11.1536
456,TOI-332 b,Transiting Exoplanet Survey Satellite (TESS),0.777038,3.2,57.2,0,5251,0.87,0.88,12.349,10.315,12.063
457,TOI-3321 b,Transiting Exoplanet Survey Satellite (TESS),3.6525145,15.55806521,176.0769375,0.054,5850,1.549,1.041,11.076,9.67,11.0932
458,TOI-3331 A b,Transiting Exoplanet Survey Satellite (TESS),2.0180231,12.97999965,721.4704839,0,5609,0.952,1.016,11.635,9.914,11.8314
460,TOI-3362 b,Transiting Exoplanet Survey Satellite (TESS),18.09547,12.80065596,1598.359059,0.815,6532,1.83,1.445,10.86,9.693,10.7051
461,TOI-3364 b,Transiting Exoplanet Survey Satellite (TESS),5.8768918,12.22899794,530.7734397,0,5706,1.419,1.186,11.875,9.783,11.2945
462,TOI-3464 b,Transiting Exoplanet Survey Satellite (TESS),3.6515568,13.7646283,397.2855088,0.25,6370,1.56,1.363,12.731,11.095,12.5094
463,TOI-3474 b,Transiting Exoplanet Survey Satellite (TESS),3.8795105,14.67255574,193.8753283,0.13,6020,1.256,1.121,12.531,10.943,12.4418
464,TOI-3486 b,Transiting Exoplanet Survey Satellite (TESS),2.21778105,10.5700688,99.16246298,0.078,4930,0.788,0.837,12.329,10.004,12.1144
466,TOI-3523 A b,Transiting Exoplanet Survey Satellite (TESS),2.30458952,15.9727975,435.4249176,0.047,6450,1.448,1.131,12.56,11.146,12.4946
467,TOI-3540 A b,Transiting Exoplanet Survey Satellite (TESS),3.119999,23.53885947,375.0375203,0,5810,1.228,1.081,11.514,9.784,11.4036
468,TOI-3568 b,Transiting Exoplanet Survey Satellite (TESS),4.417965,5.3,26.4,0.035,4969,0.719,0.78,12.879,10.581,12.7
469,TOI-3593 b,Transiting Exoplanet Survey Satellite (TESS),3.8212867,11.02963701,565.7345645,0.105,5550,0.918,1.015,12.201,10.266,12.0344
470,TOI-3629 b,Transiting Exoplanet Survey Satellite (TESS),3.936551,8.29464572,82.63538582,0.05,3870,0.6,0.63,14.639,10.553,13.8375
471,TOI-3682 b,Transiting Exoplanet Survey Satellite (TESS),3.3462406,12.80065596,69.28659273,0.22,5703,1.735,1.32,11.678,10.062,11.8754
472,TOI-3688 A b,Transiting Exoplanet Survey Satellite (TESS),3.246075,13.08088048,311.4718389,0,5950,1.302,1.199,12.241,10.732,12.3686
473,TOI-3693 b,Transiting Exoplanet Survey Satellite (TESS),9.088516,12.59889431,324.1849751,0,5321,0.791,0.867,11.948,10.151,11.9579
474,TOI-3714 b,Transiting Exoplanet Survey Satellite (TESS),2.154849,11.32107051,222.4798849,0.03,3660,0.51,0.53,15.7,10.852,14.3107
475,TOI-3757 b,Transiting Exoplanet Survey Satellite (TESS),3.438753,12,85.3,0.14,3913,0.62,0.64,14.812,11.152,14.1321
476,TOI-3785 b,Transiting Exoplanet Survey Satellite (TESS),4.6747373,5.14,14.95,0.11,3576,0.5,0.52,14.595,10.165,13.6559
477,TOI-3807 b,Transiting Exoplanet Survey Satellite (TESS),2.8989727,18.49481816,330.5415433,0,5772,1.468,1.181,11.856,10.617,12.0338
478,TOI-3819 b,Transiting Exoplanet Survey Satellite (TESS),3.2443141,13.13692538,352.7895318,0,5859,1.538,1.242,12.542,11.077,12.413
479,TOI-3837 b,Transiting Exoplanet Survey Satellite (TESS),11.88865,10.87271128,187.5187601,0.221,5905,1.2,0.89,11.673,10.316,11.8041
480,TOI-3856 b,Transiting Exoplanet Survey Satellite (TESS),2.04360352,13.59649359,171.6273398,0.083,5622,1.055,1.096,12.292,10.611,12.1318
481,TOI-3877 b,Transiting Exoplanet Survey Satellite (TESS),4.123596,11.67975789,99.7981198,0.22,5731,1.445,1.16,12.215,10.916,12.3643
482,TOI-3884 b,Transiting Exoplanet Survey Satellite (TESS),4.5445828,6.43,32.59,0.06,3180,0.302,0.298,15.744,10.24,14.2747
483,TOI-3894 b,Transiting Exoplanet Survey Satellite (TESS),4.33454,15.27784069,260.6192937,0.05,6000,1.502,1.138,11.992,10.479,11.6943
484,TOI-3912 b,Transiting Exoplanet Survey Satellite (TESS),3.4936264,14.28024141,129.0383332,0,5725,1.392,1.088,12.507,10.922,12.3073
485,TOI-3919 b,Transiting Exoplanet Survey Satellite (TESS),7.433234,12.31866979,1233.174219,0.259,6100,1.319,1.208,12.858,11.502,12.7133
486,TOI-3976 A b,Transiting Exoplanet Survey Satellite (TESS),6.607662,12.27383387,55.61997123,0,5975,1.501,1.254,12.403,11.048,12.2192
487,TOI-3980 b,Transiting Exoplanet Survey Satellite (TESS),3.6089254,14.4595851,187.5187601,0.16,5840,1.626,1.24,12.549,10.741,12.3751
488,TOI-3984 A b,Transiting Exoplanet Survey Satellite (TESS),4.353326,7.9,44,0.23,3476,0.47,0.49,15.694,11.052,14.6718
489,TOI-4010 b,Transiting Exoplanet Survey Satellite (TESS),1.348335,3.02,11,0.03,4960,0.83,0.88,12.291,10.157,12.1216
490,TOI-4010 c,Transiting Exoplanet Survey Satellite (TESS),5.414654,5.93,20.31,0.03,4960,0.83,0.88,12.291,10.157,12.1216
491,TOI-4010 d,Transiting Exoplanet Survey Satellite (TESS),14.70886,6.18,38.15,0.07,4960,0.83,0.88,12.291,10.157,12.1216
492,TOI-406 c,Transiting Exoplanet Survey Satellite (TESS),3.307441,1.32,2.08,0.032,3392,0.41,0.408,13.773,8.848,12.5528
493,TOI-406.01,Transiting Exoplanet Survey Satellite (TESS),13.175682,2.08,6.57,0.056,3392,0.41,0.408,13.773,8.848,12.5528
494,TOI-4087 b,Transiting Exoplanet Survey Satellite (TESS),3.1774835,13.04725353,232.0147371,0,6060,1.112,1.178,12.107,10.436,11.7064
497,TOI-4127 b,Transiting Exoplanet Survey Satellite (TESS),56.39879,12.28504285,731.0053361,0.7471,6096,1.293,1.23,11.441,10.245,11.4122
498,TOI-4137 b,Transiting Exoplanet Survey Satellite (TESS),3.8016122,13.57407563,457.6729061,0,6202,1.438,1.313,11.31,10.004,11.2468
499,TOI-4145 A b,Transiting Exoplanet Survey Satellite (TESS),4.0664428,13.30506009,136.666215,0,5281,0.859,0.905,12.084,10.286,12.0572
500,TOI-4153 b,Transiting Exoplanet Survey Satellite (TESS),4.6174141,16.11851425,365.5026681,0.039,6860,1.605,1.572,11.601,10.296,11.5632
503,TOI-4201 b,Transiting Exoplanet Survey Satellite (TESS),3.5819194,13.67495645,788.2144494,0.041,3794,0.63,0.61,15.163,11.368,14.5001
504,TOI-421 b,Transiting Exoplanet Survey Satellite (TESS),5.197576,2.64,6.7,0.13,5291,0.866,0.833,9.931,8.071,9.77776
505,TOI-421 c,Transiting Exoplanet Survey Satellite (TESS),16.067541,5.09,14.1,0.19,5291,0.866,0.833,9.931,8.071,9.77776
506,TOI-4214 b,Transiting Exoplanet Survey Satellite (TESS),3.4913885,10.68215861,165.2707716,0.17,6370,1.434,1.382,11.79,10.036,11.4587
508,TOI-431 b,Transiting Exoplanet Survey Satellite (TESS),0.490047,1.28,3.07,0,4850,0.731,0.78,9.12,6.723,8.79171
509,TOI-431 d,Transiting Exoplanet Survey Satellite (TESS),12.46103,3.29,9.9,0,4850,0.731,0.78,9.12,6.723,8.79171
510,TOI-4329 b,Transiting Exoplanet Survey Satellite (TESS),2.9223,16.81347105,143.0227832,0.068,6000,2.31,1.538,12.724,10.63,12.4747
515,TOI-4377 b,Transiting Exoplanet Survey Satellite (TESS),4.378081,15.10970598,304.1617855,0.045,4974,3.52,1.36,11.707,9.148,11.4565
516,TOI-4379 b,Transiting Exoplanet Survey Satellite (TESS),3.25352,16.69017226,353.743017,0.018,6020,1.976,1.372,12.661,10.732,12.4083
517,TOI-4406 b,Transiting Exoplanet Survey Satellite (TESS),30.08364,11.2089807,95.3485221,0.15,6219,1.29,1.19,10.937,9.73,10.9545
518,TOI-4438 b,Transiting Exoplanet Survey Satellite (TESS),7.44628,2.52,5.4,0.14,3422,0.372,0.368,13.69,8.869,12.5196
521,TOI-4463 A b,Transiting Exoplanet Survey Satellite (TESS),2.8807198,13.26022417,252.3557552,0,5640,1.062,1.056,11.036,9.402,10.9505
522,TOI-4465 b,Transiting Exoplanet Survey Satellite (TESS),101.94054,14.01122587,1872.009317,0.24,5545,1.014,0.93,10.427,8.787,10.3255
524,TOI-4487 A b,Transiting Exoplanet Survey Satellite (TESS),3.9540709,14.60530185,397.2855088,0.083,6206,1.634,1.378,12.109,10.556,11.9269
527,TOI-4504 c,Transiting Exoplanet Survey Satellite (TESS),82.97213,11.09689089,1197.323175,0.032,5315,0.92,0.89,13.364,11.236,13.1277
531,TOI-4515 b,Transiting Exoplanet Survey Satellite (TESS),15.266446,12.17,637,0.461,5433,0.86,0.949,11.938,10.134,11.8121
533,TOI-4551 b,Transiting Exoplanet Survey Satellite (TESS),9.95581,11.85910158,473.5643264,0.101,4896,3.55,1.31,9.973,7.524,9.641
536,TOI-4582 b,Transiting Exoplanet Survey Satellite (TESS),31.034,10.53644186,168.4490557,0.51,5190,2.5,1.34,11.27,9.329001,11.0809
537,TOI-4600 b,Transiting Exoplanet Survey Satellite (TESS),82.6869,6.8,959.8417891,0.25,5170,0.81,0.89,12.577,10.571,12.4406
538,TOI-4600 c,Transiting Exoplanet Survey Satellite (TESS),482.8191,9.42,2946.269333,0.21,5170,0.81,0.89,12.577,10.571,12.4406
540,TOI-4603 b,Transiting Exoplanet Survey Satellite (TESS),7.24599,11.67975789,4096.808166,0.325,6264,2.738,1.765,9.24,7.786,9.07469
541,TOI-4633 c,Transiting Exoplanet Survey Satellite (TESS),271.9445,3.2,123,0.117,5800,1.05,1.1,9.017,7.349,8.81983
543,TOI-4641 b,Transiting Exoplanet Survey Satellite (TESS),22.09341,8.18255591,1229.995935,0.074,6560,1.72,1.41,7.51,6.579,7.40775
545,TOI-4734 b,Transiting Exoplanet Survey Satellite (TESS),6.235633,10.9175472,61.65871096,0.12,6070,1.857,1.391,12.358,10.848,12.3807
546,TOI-4773 b,Transiting Exoplanet Survey Satellite (TESS),1.7452851,15.22179579,1687.668841,0.024,6740,1.55,1.452,12.075,10.715,11.7194
547,TOI-4791 b,Transiting Exoplanet Survey Satellite (TESS),4.28088,12.44196858,734.1836202,0,6058,1.409,1.242,11.541,10.019,11.3152
548,TOI-4794 b,Transiting Exoplanet Survey Satellite (TESS),3.5658116,14.35870428,308.2935548,0.1,6390,1.451,1.25,12.563,11.123,12.4496
549,TOI-480 b,Transiting Exoplanet Survey Satellite (TESS),6.866196,2.85372018,20.8,0,6174,1.4877,1.2793,7.28,6.01,7.1442
550,TOI-481 b,Transiting Exoplanet Survey Satellite (TESS),10.33111,11.09691,486.2799,0.153,5735,1.66,1.14,9.972,8.443,9.84659
551,TOI-4860 b,Transiting Exoplanet Survey Satellite (TESS),1.5227591,8.7,86.7,0.008,3260,0.358,0.34,16.47,11.175,15.1091
552,TOI-4914 b,Transiting Exoplanet Survey Satellite (TESS),10.60057,12.87,227,0.408,5805,1,1.03,12.235,10.706,12.0997
553,TOI-4961 b,Transiting Exoplanet Survey Satellite (TESS),7.479182,12.34108775,572.0911326,0.182,5380,0.912,0.912,12.486,10.304,12.2685
554,TOI-4994 b,Transiting Exoplanet Survey Satellite (TESS),21.491984,8.54124329,88.99195396,0.319,5640,1.055,1.005,12.652,10.797,12.4792
555,TOI-500 b,Transiting Exoplanet Survey Satellite (TESS),0.548177,1.166,1.42,0.063,4440,0.678,0.74,10.54,7.715,10.1026
557,TOI-5027 b,Transiting Exoplanet Survey Satellite (TESS),10.24368,10.76062147,642.0133821,0.385,5909,0.92,1.02,11.566,9.979,11.3341
558,TOI-5076 b,Transiting Exoplanet Survey Satellite (TESS),23.443162,3.48935569,16.14568308,0,4780,0.844,0.789,10.9,8.582,10.5927
561,TOI-5110 b,Transiting Exoplanet Survey Satellite (TESS),30.158577,11.98240037,921.7023803,0.745,6160,2.333,1.469,11.06,9.318,10.6815
562,TOI-512 b,Transiting Exoplanet Survey Satellite (TESS),7.18886,1.54,3.57,0.02,5277,0.89,0.74,9.735,7.797,9.48032
566,TOI-5153 b,Transiting Exoplanet Survey Satellite (TESS),20.33003,11.88151954,1036.120607,0.091,6300,1.4,1.24,11.932,10.408,11.5779
568,TOI-5181 A b,Transiting Exoplanet Survey Satellite (TESS),3.8922295,13.34989601,330.5415433,0.15,6060,1.53,1.25,12.301,10.627,12.2189
569,TOI-519 b,Transiting Exoplanet Survey Satellite (TESS),1.2652328,11.54525012,147.1545524,0.33,3322,0.35,0.335,17.35,11.951,15.7067
570,TOI-5205 b,Transiting Exoplanet Survey Satellite (TESS),1.630757,11.6,343,0.02,3430,0.394,0.392,15.899,11.006,14.9317
571,TOI-5210 b,Transiting Exoplanet Survey Satellite (TESS),4.5661061,10.72699453,81.99972901,0.066,5723,1.209,1.105,12.118,10.308,11.9381
572,TOI-5218 b,Transiting Exoplanet Survey Satellite (TESS),4.291452,9.86,657,0,4230,0.708,0.739,16.044,12.546,15.4499
573,TOI-5232 b,Transiting Exoplanet Survey Satellite (TESS),4.0966692,12.778238,743.7184724,0.035,6500,1.785,1.389,12.246,10.857,12.168
575,TOI-5261 b,Transiting Exoplanet Survey Satellite (TESS),4.1509768,11.60129502,3651.848396,0.1585,5790,1.021,1.037,12.68,11.156,12.6023
576,TOI-5293 A b,Transiting Exoplanet Survey Satellite (TESS),2.930289,11.9,170.4,0.38,3586,0.52,0.54,16.19,11.639,14.9816
577,TOI-530 b,Transiting Exoplanet Survey Satellite (TESS),6.387597,9.30345398,127.1313628,0,3659,0.54,0.53,15.403,11.238,14.6439
578,TOI-5300 b,Transiting Exoplanet Survey Satellite (TESS),2.262196,9.86390302,190.6970442,0,4610,0.65,0.67,13.869,10.568,13.2333
579,TOI-5301 b,Transiting Exoplanet Survey Satellite (TESS),5.858858,13.09208946,1182.321674,0.33,6240,2.19,1.483,11.738,10.336,11.5696
581,TOI-532 b,Transiting Exoplanet Survey Satellite (TESS),2.3266508,5.82,61.5,0,3927,0.612,0.639,14.413,10.587,13.6645
582,TOI-5322 b,Transiting Exoplanet Survey Satellite (TESS),5.4233207,16.6117094,184.0226477,0.055,5692,1.462,0.998,12.733,10.9,12.4839
583,TOI-5340 b,Transiting Exoplanet Survey Satellite (TESS),4.9394392,15.07607904,270.154146,0.13,5990,1.842,1.35,12.399,10.607,12.2074
584,TOI-5344 b,Transiting Exoplanet Survey Satellite (TESS),3.792622,10.60369574,130.9453037,0.054,3747,0.588,0.612,15.402,10.86,14.3361
585,TOI-5350 b,Transiting Exoplanet Survey Satellite (TESS),7.581367,12.41955062,2094.489202,0.0165,6220,1.263,1.167,11.953,9.985,11.7055
586,TOI-5386 A b,Transiting Exoplanet Survey Satellite (TESS),3.62156552,14.70618268,155.1002626,0.072,6094,1.245,1.165,11.554,10.414,11.7598
588,TOI-5398 b,Transiting Exoplanet Survey Satellite (TESS),10.590547,10.3,58.7,0.13,6000,1.051,1.146,10.059,8.713,9.98233
589,TOI-5398 c,Transiting Exoplanet Survey Satellite (TESS),4.77271,3.52,11.8,0.14,6000,1.051,1.146,10.059,8.713,9.98233
591,TOI-544 b,Transiting Exoplanet Survey Satellite (TESS),1.548352,2.018,2.89,0,4169,0.623,0.631,10.777,7.8,10.4143
592,TOI-5542 b,Transiting Exoplanet Survey Satellite (TESS),75.12375,11.30986153,419.5334972,0.018,5700,1.058,0.89,12.42,10.897,12.2819
593,TOI-5573 b,Transiting Exoplanet Survey Satellite (TESS),8.79758977,9.75,112,0.072,3790,0.594,0.619,15.508,11.448,14.6741
594,TOI-558 b,Transiting Exoplanet Survey Satellite (TESS),14.574071,12.17295304,1147.360549,0.298,6466,1.496,1.349,11.233,10.262,11.3253
595,TOI-559 b,Transiting Exoplanet Survey Satellite (TESS),6.9839095,12.22899794,1910.148726,0.151,5925,1.233,1.026,11.091,9.638,10.9777
596,TOI-5592 b,Transiting Exoplanet Survey Satellite (TESS),2.6085846,17.14974047,285.7277379,0.062,6237,1.393,1.194,12.614,11.363,12.4963
601,TOI-5616 b,Transiting Exoplanet Survey Satellite (TESS),2.002849,10.78,624,0,3996,0.646,0.666,16.74,12.735,15.6306
602,TOI-5634 A b,Transiting Exoplanet Survey Satellite (TESS),2.2035373,10.42,588,0,3896,0.54,0.556,16.854,12.913,15.9978
603,TOI-564 b,Transiting Exoplanet Survey Satellite (TESS),1.651144,11.43318,464.98529,0.072,5640,1.088,0.998,11.097,9.604,11.1424
604,TOI-5678 b,Transiting Exoplanet Survey Satellite (TESS),47.73022,4.91,20,0.14,5485,0.938,0.905,11.438,9.563,11.1483
605,TOI-5688 A b,Transiting Exoplanet Survey Satellite (TESS),2.94815527,10.3,124,0.128,3713,0.57,0.6,15.78,11.959,15.324
611,TOI-5795 b,Transiting Exoplanet Survey Satellite (TESS),6.1406325,5.62,23.66,0.25,5715,1.082,0.901,10.708,9.168,10.6376
614,TOI-5800 b,Transiting Exoplanet Survey Satellite (TESS),2.6278838,2.46,9.5,0.3,4850,0.773,0.778,9.553001,7.191,9.21824
616,TOI-5817 b,Transiting Exoplanet Survey Satellite (TESS),15.61031,3.08,10.3,0.2,5770,1.427,0.97,8.64,7.084,8.48343
617,TOI-5882 b,Transiting Exoplanet Survey Satellite (TESS),7.148972,11.46678726,6995.403238,0.0339,5920,2.26,1.334,11.315,9.615,11.1063
621,TOI-6016 b,Transiting Exoplanet Survey Satellite (TESS),4.023687,13.67495645,371.8592362,0,6110,1.51,1.31,11.886,10.224,11.9184
622,TOI-6029 b,Transiting Exoplanet Survey Satellite (TESS),5.7987,14.39233122,519.6494454,0.091,6223,2.338,1.548,12.858,10.369,12.2681
623,TOI-6034 b,Transiting Exoplanet Survey Satellite (TESS),2.576184,11.92,254,0.04,3635,0.489,0.514,15.189,11.016,14.3143
625,TOI-6054.01,Transiting Exoplanet Survey Satellite (TESS),7.501428,2.64,12.5,0.164,6047,1.662,1.107,8.020001,6.673,7.87799
626,TOI-6054.02,Transiting Exoplanet Survey Satellite (TESS),12.563636,2.82,9.3,0.332,6047,1.662,1.107,8.020001,6.673,7.87799
630,TOI-6130 b,Transiting Exoplanet Survey Satellite (TESS),2.392679,14.3474953,333.7198274,0.036,6110,1.51,1.31,11.21,9.655,10.9775
631,TOI-615 b,Transiting Exoplanet Survey Satellite (TESS),4.6615983,18.97680433,138.2553571,0.39,6850,1.732,1.449,10.825,9.669,10.5775
633,TOI-622 b,Transiting Exoplanet Survey Satellite (TESS),6.402513,9.2362001,96.30200732,0.42,6400,1.415,1.313,8.995,7.858,8.89103
635,TOI-6255 b,Transiting Exoplanet Survey Satellite (TESS),0.23818244,1.079,1.44,0,3421,0.37,0.353,12.747,8.071,11.6345
636,TOI-628 b,Transiting Exoplanet Survey Satellite (TESS),3.4095675,11.88154,2011.8639,0.072,6250,1.345,1.311,10.112,8.811,10.0579
637,TOI-6303 b,Transiting Exoplanet Survey Satellite (TESS),9.485236,11.59,2493,0.02,3977,0.609,0.644,14.639,10.826,13.9114
638,TOI-6324 b,Transiting Exoplanet Survey Satellite (TESS),0.279221,1.059,1.17,0,3247,0.293,0.269,13.386,8.691,12.214
639,TOI-6330 b,Transiting Exoplanet Survey Satellite (TESS),6.8500246,10.89,3179,0.34,3539,0.49,0.531,16.33,11.513,14.9341
640,TOI-6383 A b,Transiting Exoplanet Survey Satellite (TESS),1.79058695,11.29,331,0.05,3444,0.457,0.458,16.63,12.087,15.6628
641,TOI-640 b,Transiting Exoplanet Survey Satellite (TESS),5.003777,19.2794468,181.162192,0.013,6460,2.082,1.536,10.51,9.243,10.4006
642,TOI-6420 b,Transiting Exoplanet Survey Satellite (TESS),6.961508,11.93756445,2606.192937,0.078,6020,1.312,1.165,12.994,11.615,12.9023
644,TOI-654.01,Transiting Exoplanet Survey Satellite (TESS),1.527561,2.378,8.71,0,3521,0.43,0.419,14.54,9.918,13.4339
645,TOI-6628 b,Transiting Exoplanet Survey Satellite (TESS),18.18424,10.98480109,235.1930212,0.67,5463,1.01,0.97,12.9,10.836,12.6408
649,TOI-6651 b,Transiting Exoplanet Survey Satellite (TESS),5.056973,5.09,61,0.091,5940,1.721,1.323,10.242,8.684,10.0418
650,TOI-669 b,Transiting Exoplanet Survey Satellite (TESS),3.945152,2.58606487,10,0,5597,0.9882,0.9245,10.606,9.134,10.6364
651,TOI-6695 b,Transiting Exoplanet Survey Satellite (TESS),80.389,9.52763359,66.74396547,0.04,6400,1.517,1.338,10.768,9.512,10.7445
653,TOI-674 b,Transiting Exoplanet Survey Satellite (TESS),1.977143,5.25,23.6,0,3514,0.42,0.42,14.203,9.469,13.0914
654,TOI-677 b,Transiting Exoplanet Survey Satellite (TESS),11.2365985,13.11450742,392.2002542,0.46,6295,1.28,1.181,9.822,8.429,9.66082
660,TOI-7041 b,Transiting Exoplanet Survey Satellite (TESS),9.691,11.43316031,114.4182265,0.04,4700,4.1,1.07,11.251,8.691,10.908
666,TOI-733 b,Transiting Exoplanet Survey Satellite (TESS),4.884765,1.992,5.72,0.046,5585,0.949,0.956,9.44,7.845,9.28881
667,TOI-757 b,Transiting Exoplanet Survey Satellite (TESS),17.46819,2.5,10.5,0.39,5278,0.78,0.8,9.743,7.874,9.55369
668,TOI-762 A b,Transiting Exoplanet Survey Satellite (TESS),3.4716826,8.33948164,79.77493016,0.083,3266,0.425,0.442,16,11.084,14.9535
669,TOI-763 b,Transiting Exoplanet Survey Satellite (TESS),5.6057,2.28,9.79,0.04,5450,0.897,0.917,10.265,8.49,9.99915
670,TOI-763 c,Transiting Exoplanet Survey Satellite (TESS),12.2737,2.63,9.32,0.04,5450,0.897,0.917,10.265,8.49,9.99915
671,TOI-771 b,Transiting Exoplanet Survey Satellite (TESS),2.3260155,1.36,2.47,0.055,3370,0.232,0.22,14.888,9.664,13.3671
672,TOI-776 b,Transiting Exoplanet Survey Satellite (TESS),8.24662,1.798,5,0.052,3725,0.547,0.542,11.536,7.615,10.7409
673,TOI-776 c,Transiting Exoplanet Survey Satellite (TESS),15.665323,2.047,6.9,0.089,3725,0.547,0.542,11.536,7.615,10.7409
674,TOI-778 b,Transiting Exoplanet Survey Satellite (TESS),4.633611,15.4,878,0.21,6643,1.71,1.4,9.109,8.055,8.99436
675,TOI-782 b,Transiting Exoplanet Survey Satellite (TESS),8.0240015,2.734,19.1,0.19,3370,0.413,0.397,14.83,9.86,13.5645
676,TOI-784 b,Transiting Exoplanet Survey Satellite (TESS),2.7970365,1.93,9.67,0,5558,0.907,0.91,9.412,7.64,9.23501
678,TOI-815 b,Transiting Exoplanet Survey Satellite (TESS),11.197259,2.94,7.6,0.2,4869,0.77,0.776,10.217,7.999,9.93978
679,TOI-815 c,Transiting Exoplanet Survey Satellite (TESS),34.976145,2.62,23.5,0.22,4869,0.77,0.776,10.217,7.999,9.93978
682,TOI-836 b,Transiting Exoplanet Survey Satellite (TESS),3.81673,1.704,4.53,0.053,4552,0.665,0.678,9.92,6.804,9.40475
683,TOI-836 c,Transiting Exoplanet Survey Satellite (TESS),8.59545,2.587,9.6,0.078,4552,0.665,0.678,9.92,6.804,9.40475
685,TOI-849 b,Transiting Exoplanet Survey Satellite (TESS),0.765548,3.64,41.8,0,5257,0.97,0.97,11.981,10.418,12.0645
686,TOI-858 B b,Transiting Exoplanet Survey Satellite (TESS),3.2797178,14.06727078,349.6112477,0.15,5842,1.308,1.081,11.183,9.722,11.0695
690,TOI-892 b,Transiting Exoplanet Survey Satellite (TESS),10.62656,11.99363,301.9385,0.125,6261,1.39,1.28,11.43,10.106,11.3435
693,TOI-905 b,Transiting Exoplanet Survey Satellite (TESS),3.739494,13.125739,211.99261,0.024,5570,0.918,0.968,11.08,9.448,11.0813
695,TOI-908 b,Transiting Exoplanet Survey Satellite (TESS),3.183792,3.186,16.137,0.132,5626,1.028,0.95,11.316,9.637,11.1061
699,TOI-954 b,Transiting Exoplanet Survey Satellite (TESS),3.6849729,9.550068,55.30242,0.14,5710,1.892,1.201,10.343,8.779,10.2321
702,WASP-132 c,Transiting Exoplanet Survey Satellite (TESS),1.01153624,1.841,6.26,0,4686,0.758,0.789,11.938,9.674,11.7538
705,WD 1856+534 b,Transiting Exoplanet Survey Satellite (TESS),1.4079405,10.4,4386.054,0,4710,0.0131,0.518,17.244,15.548,16.958
706,Wolf 327 b,Transiting Exoplanet Survey Satellite (TESS),0.5734745,1.24,2.53,0,3542,0.406,0.405,13.018,8.435,11.9522
